Moeda	Sigla_Moeda	Preco	Und_Monetaria	Var	Periodo_Var	Data_Captura	Hora_Captura	Fornecimento_Total
Bitcoin	BTC	128039.9	BRL	-0.62	1d	2023-09-05	10:53:20	19477006.0
Ethereum	ETH	8114.58	BRL	-0.17	1d	2023-09-05	10:53:20	120218193.78
Tether USDt	USDT	4.97	BRL	-0.05	1d	2023-09-05	10:53:20	85437198727.26
BNB	BNB	1068.35	BRL	-0.63	1d	2023-09-05	10:53:20	153849854.4
XRP	XRP	2.5	BRL	-0.19	1d	2023-09-05	10:53:20	99988458761.0
USD Coin	USDC	4.98	BRL	-0.01	1d	2023-09-05	10:53:20	26026578132.81
Dogecoin	DOGE	0.32	BRL	0.96	1d	2023-09-05	10:53:20	140882276383.71
Cardano	ADA	1.28	BRL	-0.26	1d	2023-09-05	10:53:20	36137410585.89
Solana	SOL	98.02	BRL	0.55	1d	2023-09-05	10:53:20	556701285.92
TRON	TRX	0.39	BRL	0.46	1d	2023-09-05	10:53:20	89287972724.11
Toncoin	TON	8.81	BRL	-6.65	1d	2023-09-05	10:53:20	5047558528.0
Dai	DAI	4.97	BRL	-0.02	1d	2023-09-05	10:53:20	5347888595.75
Polkadot	DOT	21.26	BRL	0.28	1d	2023-09-05	10:53:20	1352637491.47
Polygon	MATIC	2.78	BRL	1.19	1d	2023-09-05	10:53:20	10000000000.0
Litecoin	LTC	312.45	BRL	-1.94	1d	2023-09-05	10:53:20	84000000.0
Shiba Inu	SHIB	0.0	BRL	-1.39	1d	2023-09-05	10:53:20	589589040239379.6
Wrapped Bitcoin	WBTC	128267.8	BRL	-0.43	1d	2023-09-05	10:53:20	162974.76
Bitcoin Cash	BCH	960.75	BRL	-0.04	1d	2023-09-05	10:53:20	19495818.75
Avalanche	AVAX	48.97	BRL	-0.5	1d	2023-09-05	10:53:20	430996488.03
UNUS SED LEO	LEO	18.35	BRL	0.54	1d	2023-09-05	10:53:20	985239504.0
Stellar	XLM	0.62	BRL	1.28	1d	2023-09-05	10:53:20	50001787183.47
TrueUSD	TUSD	4.97	BRL	0.01	1d	2023-09-05	10:53:20	3425761055.8
Chainlink	LINK	30.25	BRL	0.44	1d	2023-09-05	10:53:20	1000000000.0
Binance USD	BUSD	4.97	BRL	-0.04	1d	2023-09-05	10:53:20	2844551207.69
Monero	XMR	695.44	BRL	-1.95	1d	2023-09-05	10:53:20	18327695.63
OKB	OKB	209.72	BRL	-0.59	1d	2023-09-05	10:53:20	300000000.0
Uniswap	UNI	21.46	BRL	-2.83	1d	2023-09-05	10:53:20	1000000000.0
Cosmos	ATOM	33.83	BRL	-0.33	1d	2023-09-05	10:53:20	362896046.0
Ethereum Classic	ETC	75.91	BRL	-0.77	1d	2023-09-05	10:53:20	210700000.0
Hedera	HBAR	0.24	BRL	0.49	1d	2023-09-05	10:53:20	50000000000.0
Internet Computer	ICP	16.35	BRL	1.15	1d	2023-09-05	10:53:20	504543445.49
Filecoin	FIL	15.99	BRL	0.64	1d	2023-09-05	10:53:20	1961452785.0
Lido DAO	LDO	7.78	BRL	1.28	1d	2023-09-05	10:53:20	1000000000.0
Mantle	MNT	2.12	BRL	-4.59	1d	2023-09-05	10:53:20	6219316794.99
Cronos	CRO	0.25	BRL	-1.31	1d	2023-09-05	10:53:20	30263013692.0
Aptos	APT	27.25	BRL	-0.43	1d	2023-09-05	10:53:20	1053609996.84
Quant	QNT	486.93	BRL	0.09	1d	2023-09-05	10:53:20	14881364.27
Arbitrum	ARB	4.48	BRL	-0.57	1d	2023-09-05	10:53:20	10000000000.0
VeChain	VET	0.08	BRL	0.2	1d	2023-09-05	10:53:20	85985041177.0
Maker	MKR	5586.81	BRL	0.37	1d	2023-09-05	10:53:20	977631.04
NEAR Protocol	NEAR	5.63	BRL	-0.06	1d	2023-09-05	10:53:20	1000000000.0
Optimism	OP	6.61	BRL	-0.75	1d	2023-09-05	10:53:20	4294967296.0
Aave	AAVE	274.61	BRL	0.67	1d	2023-09-05	10:53:20	16000000.0
The Graph	GRT	0.43	BRL	-0.93	1d	2023-09-05	10:53:20	10744580699.97
XDC Network	XDC	0.28	BRL	-1.17	1d	2023-09-05	10:53:20	37705012698.75
Algorand	ALGO	0.47	BRL	-0.2	1d	2023-09-05	10:53:20	7828351513.08
USDD	USDD	4.96	BRL	0.01	1d	2023-09-05	10:53:20	725332061.34
Stacks	STX	2.37	BRL	5.09	1d	2023-09-05	10:53:20	1818000000.0
Tezos	XTZ	3.47	BRL	-0.1	1d	2023-09-05	10:53:20	972531993.2
MultiversX	EGLD	124.23	BRL	0.21	1d	2023-09-05	10:53:20	25924742.0
EOS	EOS	2.89	BRL	0.25	1d	2023-09-05	10:53:20	1101752241.5
Axie Infinity	AXS	22.53	BRL	0.54	1d	2023-09-05	10:53:20	270000000.0
The Sandbox	SAND	1.51	BRL	-0.27	1d	2023-09-05	10:53:20	3000000000.0
Theta Network	THETA	3.07	BRL	0.84	1d	2023-09-05	10:53:20	1000000000.0
Immutable	IMX	2.72	BRL	-0.17	1d	2023-09-05	10:53:20	2000000000.0
Synthetix	SNX	10.95	BRL	1.79	1d	2023-09-05	10:53:20	323506696.09
Bitcoin SV	BSV	151.05	BRL	-0.96	1d	2023-09-05	10:53:20	19266076.64
Injective	INJ	33.93	BRL	-0.22	1d	2023-09-05	10:53:20	100000000.0
Fantom	FTM	1.01	BRL	-0.72	1d	2023-09-05	10:53:20	3175000000.0
Decentraland	MANA	1.46	BRL	0.5	1d	2023-09-05	10:53:20	2193179327.32
THORChain	RUNE	7.47	BRL	4.14	1d	2023-09-05	10:53:20	485546236.0
Neo	NEO	35.85	BRL	2.57	1d	2023-09-05	10:53:20	100000000.0
Render	RNDR	6.74	BRL	-0.26	1d	2023-09-05	10:53:20	530962614.98
ApeCoin	APE	6.68	BRL	-0.34	1d	2023-09-05	10:53:20	1000000000.0
Pax Dollar	USDP	4.95	BRL	0.26	1d	2023-09-05	10:53:20	488345990.55
Kava	KAVA	3.22	BRL	1.26	1d	2023-09-05	10:53:20	743814679.0
PAX Gold	PAXG	9529.67	BRL	-0.27	1d	2023-09-05	10:53:20	249134.67
Tether Gold	XAUt	9620.27	BRL	-0.37	1d	2023-09-05	10:53:20	246524.0
IOTA	MIOTA	0.83	BRL	-3.81	1d	2023-09-05	10:53:20	2779530283.0
Rocket Pool	RPL	116.31	BRL	-2.71	1d	2023-09-05	10:53:20	19694369.85
Flow	FLOW	2.18	BRL	-0.04	1d	2023-09-05	10:53:20	1450656993.0
eCash	XEC	0.0	BRL	-0.22	1d	2023-09-05	10:53:20	19489948423093.0
Chiliz	CHZ	0.29	BRL	-0.74	1d	2023-09-05	10:53:20	8888888888.0
Klaytn	KLAY	0.66	BRL	0.48	1d	2023-09-05	10:53:20	5775564179.06
Frax Share	FXS	27.48	BRL	-0.82	1d	2023-09-05	10:53:20	99681495.59
Zcash	ZEC	122.23	BRL	0.15	1d	2023-09-05	10:53:20	16328268.75
Conflux	CFX	0.63	BRL	-0.03	1d	2023-09-05	10:53:20	5278164274.0
Casper	CSPR	0.17	BRL	-0.06	1d	2023-09-05	10:53:20	11988577718.0
BitTorrent(New)	BTT	0.0	BRL	-0.01	1d	2023-09-05	10:53:20	990000000000000.0
Huobi Token	HT	11.8	BRL	-0.08	1d	2023-09-05	10:53:20	203980445.0
Curve DAO Token	CRV	2.2	BRL	0.94	1d	2023-09-05	10:53:20	2006134751.26
KuCoin Token	KCS	19.52	BRL	-2.63	1d	2023-09-05	10:53:20	144232986.43
Sui	SUI	2.38	BRL	-1.14	1d	2023-09-05	10:53:20	10000000000.0
GateToken	GT	19.54	BRL	0.2	1d	2023-09-05	10:53:20	300000000.0
Gala	GALA	0.08	BRL	-2.46	1d	2023-09-05	10:53:20	25888578434.49
Mina	MINA	1.86	BRL	0.64	1d	2023-09-05	10:53:20	1070613532.84
Terra Classic	LUNC	0.0	BRL	1.29	1d	2023-09-05	10:53:20	6836863877007.38
Trust Wallet Token	TWT	3.97	BRL	-0.85	1d	2023-09-05	10:53:20	999668148.0
dYdX	DYDX	10.44	BRL	1.08	1d	2023-09-05	10:53:20	1000000000.0
Nexo	NEXO	2.9	BRL	0.14	1d	2023-09-05	10:53:20	1000000000.0
Pepe	PEPE	0.0	BRL	0.64	1d	2023-09-05	10:53:20	420690000000000.0
Compound	COMP	199.54	BRL	-0.31	1d	2023-09-05	10:53:20	10000000.0
Gemini Dollar	GUSD	4.97	BRL	-0.14	1d	2023-09-05	10:53:20	310074646.15
APENFT	NFT	0.0	BRL	-1.18	1d	2023-09-05	10:53:20	999990000000000.0
Flare	FLR	0.07	BRL	-1.31	1d	2023-09-05	10:53:20	100559787198.0
Dash	DASH	127.74	BRL	0.52	1d	2023-09-05	10:53:20	11440547.87
SafePal	SFP	2.91	BRL	3.86	1d	2023-09-05	10:53:20	500000000.0
GMX	GMX	160.89	BRL	0.98	1d	2023-09-05	10:53:20	9435054.36
Astar	ASTR	0.27	BRL	2.51	1d	2023-09-05	10:53:20	7915282797.0
WOO Network	WOO	0.82	BRL	-2.27	1d	2023-09-05	10:53:20	2250658857.9
Arweave	AR	20.71	BRL	0.08	1d	2023-09-05	10:53:20	65454185.0
PancakeSwap	CAKE	6.16	BRL	-0.4	1d	2023-09-05	10:53:20	389625376.02
Oasis Network	ROSE	0.2	BRL	0.93	1d	2023-09-05	10:53:20	10000000000.0
Gnosis	GNO	504.41	BRL	0.5	1d	2023-09-05	10:53:20	3000000.0
MX TOKEN	MX	12.77	BRL	0.07	1d	2023-09-05	10:53:20	433522334.0
Zilliqa	ZIL	0.08	BRL	-0.29	1d	2023-09-05	10:53:20	18013777960.68
Loopring	LRC	0.93	BRL	1.0	1d	2023-09-05	10:53:20	1373873397.44
Basic Attention Token	BAT	0.83	BRL	-0.7	1d	2023-09-05	10:53:20	1500000000.0
1inch Network	1INCH	1.19	BRL	1.24	1d	2023-09-05	10:53:20	1500000000.0
Chia	XCH	140.96	BRL	-1.31	1d	2023-09-05	10:53:20	29376269.0
Bone ShibaSwap	BONE	5.12	BRL	-3.92	1d	2023-09-05	10:53:20	230003022.82
SingularityNET	AGIX	0.95	BRL	2.73	1d	2023-09-05	10:53:20	1324917189.06
Enjin Coin	ENJ	1.15	BRL	-0.27	1d	2023-09-05	10:53:20	1000000000.0
Ethereum Name Service	ENS	38.26	BRL	2.25	1d	2023-09-05	10:53:20	100000000.0
Livepeer	LPT	38.36	BRL	2.27	1d	2023-09-05	10:53:20	28914060.34
Sei	SEI	0.61	BRL	-1.75	1d	2023-09-05	10:53:20	10000000000.0
Qtum	QTUM	10.56	BRL	0.31	1d	2023-09-05	10:53:20	107822406.0
Helium	HNT	7.61	BRL	-0.44	1d	2023-09-05	10:53:20	223000000.0
Bitcoin Gold	BTG	62.42	BRL	-1.7	1d	2023-09-05	10:53:20	17513923.59
Celo	CELO	2.12	BRL	0.76	1d	2023-09-05	10:53:20	1000000000.0
NEM	XEM	0.12	BRL	0.27	1d	2023-09-05	10:53:20	8999999999.0
Convex Finance	CVX	13.1	BRL	0.77	1d	2023-09-05	10:53:20	98861318.6
Fetch.ai	FET	1.28	BRL	-0.5	1d	2023-09-05	10:53:20	1152997575.0
Mask Network	MASK	12.73	BRL	0.35	1d	2023-09-05	10:53:20	100000000.0
Akash Network	AKT	4.79	BRL	3.87	1d	2023-09-05	10:53:20	217921293.61
Ocean Protocol	OCEAN	1.65	BRL	3.05	1d	2023-09-05	10:53:20	613099141.0
Decred	DCR	65.23	BRL	1.01	1d	2023-09-05	10:53:20	15455446.76
Theta Fuel	TFUEL	0.16	BRL	0.01	1d	2023-09-05	10:53:20	6268633971.0
Ravencoin	RVN	0.07	BRL	0.08	1d	2023-09-05	10:53:20	12937327674.71
aelf	ELF	1.52	BRL	0.1	1d	2023-09-05	10:53:20	1000000000.0
tomiNet	TOMI	14.67	BRL	22.57	1d	2023-09-05	10:53:20	112665826.0
Ankr	ANKR	0.09	BRL	0.92	1d	2023-09-05	10:53:20	10000000000.0
JasmyCoin	JASMY	0.02	BRL	1.95	1d	2023-09-05	10:53:20	50000000000.0
JUST	JST	0.1	BRL	0.38	1d	2023-09-05	10:53:20	9900000000.0
Holo	HOT	0.01	BRL	1.1	1d	2023-09-05	10:53:20	177619433541.14
yearn.finance	YFI	26828.57	BRL	-0.04	1d	2023-09-05	10:53:20	36646.54
Osmosis	OSMO	1.77	BRL	0.37	1d	2023-09-05	10:53:20	587378721.0
Balancer	BAL	16.76	BRL	0.69	1d	2023-09-05	10:53:20	58959852.83
STEPN	GMT	0.78	BRL	1.3	1d	2023-09-05	10:53:20	5426899720.68
Aragon	ANT	21.22	BRL	-0.76	1d	2023-09-05	10:53:20	43166685.0
Audius	AUDIO	0.75	BRL	2.33	1d	2023-09-05	10:53:20	1201020974.0
Blur	BLUR	0.93	BRL	0.03	1d	2023-09-05	10:53:20	3000000000.0
Waves	WAVES	7.37	BRL	-0.35	1d	2023-09-05	10:53:20	112406566.0
Golem	GLM	0.82	BRL	0.21	1d	2023-09-05	10:53:20	1000000000.0
Kusama	KSM	94.87	BRL	-0.08	1d	2023-09-05	10:53:20	9651217.45
FLOKI	FLOKI	0.0	BRL	0.29	1d	2023-09-05	10:53:20	9942276988572.93
ICON	ICX	0.8	BRL	0.2	1d	2023-09-05	10:53:20	966330886.9
Threshold	T	0.09	BRL	0.33	1d	2023-09-05	10:53:20	10515000000.0
Siacoin	SC	0.01	BRL	-1.36	1d	2023-09-05	10:53:20	55117035000.0
Terra	LUNA	2.05	BRL	0.18	1d	2023-09-05	10:53:20	1004262701.0
Illuvium	ILV	206.25	BRL	0.13	1d	2023-09-05	10:53:20	7791555.87
0x Protocol	ZRX	0.86	BRL	1.82	1d	2023-09-05	10:53:20	1000000000.0
EthereumPoW	ETHW	6.74	BRL	-2.68	1d	2023-09-05	10:53:20	107818999.05
Solar	SXP	1.24	BRL	0.5	1d	2023-09-05	10:53:20	576648933.74
Band Protocol	BAND	5.2	BRL	0.81	1d	2023-09-05	10:53:20	138054143.09
Axelar	AXL	1.76	BRL	0.96	1d	2023-09-05	10:53:20	1092097424.01
ssv.network	SSV	67.9	BRL	0.13	1d	2023-09-05	10:53:20	11012871.0
Hive	HIVE	1.35	BRL	-1.44	1d	2023-09-05	10:53:20	500749242.94
Worldcoin	WLD	5.27	BRL	-5.66	1d	2023-09-05	10:53:20	10000000000.0
Merit Circle	MC	1.58	BRL	4.47	1d	2023-09-05	10:53:20	632384087.95
Biconomy	BICO	1.03	BRL	0.58	1d	2023-09-05	10:53:20	1000000000.0
Ontology	ONT	0.77	BRL	1.02	1d	2023-09-05	10:53:20	1000000000.0
SushiSwap	SUSHI	2.87	BRL	1.35	1d	2023-09-05	10:53:20	249583225.47
IOST	IOST	0.03	BRL	0.11	1d	2023-09-05	10:53:20	18708894189.0
IoTeX	IOTX	0.07	BRL	0.99	1d	2023-09-05	10:53:20	9444613334.0
Moonbeam	GLMR	0.9	BRL	-1.6	1d	2023-09-05	10:53:20	1083089683.0
Harmony	ONE	0.05	BRL	0.95	1d	2023-09-05	10:53:20	14030453754.44
WAX	WAXP	0.19	BRL	-1.07	1d	2023-09-05	10:53:20	4042476007.16
Kadena	KDA	2.42	BRL	7.82	1d	2023-09-05	10:53:20	1000000000.0
TomoChain	TOMO	6.11	BRL	1.59	1d	2023-09-05	10:53:20	100000000.0
MAGIC	MAGIC	2.51	BRL	0.87	1d	2023-09-05	10:53:20	339645510.32
TerraClassicUSD	USTC	0.06	BRL	-0.08	1d	2023-09-05	10:53:20	9794593197.38
Nervos Network	CKB	0.01	BRL	2.15	1d	2023-09-05	10:53:20	42711955501.21
BORA	BORA	0.56	BRL	-1.2	1d	2023-09-05	10:53:20	1205750000.0
DigiByte	DGB	0.03	BRL	0.09	1d	2023-09-05	10:53:20	16480700543.65
Stargate Finance	STG	2.62	BRL	0.55	1d	2023-09-05	10:53:20	1000000000.0
MobileCoin	MOB	2.72	BRL	0.09	1d	2023-09-05	10:53:20	250000000.0
Vulcan Forged PYR	PYR	19.38	BRL	-10.04	1d	2023-09-05	10:53:20	50000000.0
Ribbon Finance	RBN	0.97	BRL	-0.3	1d	2023-09-05	10:53:20	1000000000.0
DAO Maker	DAO	3.59	BRL	-0.96	1d	2023-09-05	10:53:20	274810687.0
UMA	UMA	6.97	BRL	3.38	1d	2023-09-05	10:53:20	115215985.31
Flux	FLUX	1.59	BRL	1.18	1d	2023-09-05	10:53:20	440000000.0
Horizen	ZEN	35.59	BRL	-0.3	1d	2023-09-05	10:53:20	14089312.5
SKALE	SKL	0.11	BRL	2.44	1d	2023-09-05	10:53:20	5447166667.0
Galxe	GAL	5.59	BRL	-1.61	1d	2023-09-05	10:53:20	200000000.0
Cartesi	CTSI	0.64	BRL	-0.33	1d	2023-09-05	10:53:20	1000000000.0
Everscale	EVER	0.26	BRL	0.24	1d	2023-09-05	10:53:20	2091365495.0
API3	API3	5.39	BRL	-4.64	1d	2023-09-05	10:53:20	125324588.0
Kyber Network Crystal v2	KNC	2.68	BRL	5.28	1d	2023-09-05	10:53:20	228578084.36
Centrifuge	CFG	1.24	BRL	9.15	1d	2023-09-05	10:53:20	430011123.0
Reserve Rights	RSR	0.01	BRL	3.38	1d	2023-09-05	10:53:20	100000000000.0
Lisk	LSK	3.43	BRL	-0.74	1d	2023-09-05	10:53:20	144818773.0
UniBot	UNIBOT	442.14	BRL	0.1	1d	2023-09-05	10:53:20	1000000.0
Numeraire	NMR	69.87	BRL	-11.9	1d	2023-09-05	10:53:20	10830388.49
Storj	STORJ	1.14	BRL	-1.6	1d	2023-09-05	10:53:20	424999998.0
Core	CORE	2.79	BRL	-4.27	1d	2023-09-05	10:53:20	2100000000.0
Celer Network	CELR	0.06	BRL	0.67	1d	2023-09-05	10:53:20	10000000000.0
Alchemy Pay	ACH	0.06	BRL	-0.36	1d	2023-09-05	10:53:20	10000000000.0
Nano	XNO	3.2	BRL	-1.02	1d	2023-09-05	10:53:20	133248297.2
Open Campus	EDU	2.25	BRL	-0.06	1d	2023-09-05	10:53:20	1000000000.0
Dora Factory (new)	DORA	9.77	BRL	2.09	1d	2023-09-05	10:53:20	10000000000.0
Lido Staked ETH	stETH	8095.97	BRL	-0.2	1d	2023-09-05	10:53:20	8578141.43
Wrapped TRON	WTRX	0.38	BRL	0.37	1d	2023-09-05	10:53:20	101676078190.21
Wrapped HBAR	WHBAR	0.24	BRL	0.59	1d	2023-09-05	10:53:20	50000000000.0
Bitcoin BEP2	BTCB	128098.35	BRL	-0.71	1d	2023-09-05	10:53:20	60501.0
Wrapped EOS	WEOS	4.35	BRL	-0.05	1d	2023-09-05	10:53:20	1101752241.5
Frax	FRAX	4.96	BRL	0.03	1d	2023-09-05	10:53:20	1044853133.26
Kaspa	KAS	0.17	BRL	-0.01	1d	2023-09-05	10:53:20	20500504585.8
HEX	HEX	0.02	BRL	3.0	1d	2023-09-05	10:53:20	633542658973.0
TNC Coin	TNC	0.53	BRL	1.12	1d	2023-09-05	10:53:20	196719999947.0
Bitget Token	BGB	2.17	BRL	1.64	1d	2023-09-05	10:53:20	2000000000.0
Rollbit Coin	RLB	0.82	BRL	3.69	1d	2023-09-05	10:53:20	3296951621.0
Wrapped BNB	WBNB	1068.18	BRL	-0.67	1d	2023-09-05	10:53:20	2521208.42
Radix	XRD	0.26	BRL	-0.51	1d	2023-09-05	10:53:20	12646281056.3
First Digital USD	FDUSD	4.97	BRL	-0.05	1d	2023-09-05	10:53:20	382786795.42
BitTorrent	BTTOLD	0.0	BRL	126.98	1d	2023-09-05	10:53:20	990000000000.0
FTX Token	FTT	5.18	BRL	-2.12	1d	2023-09-05	10:53:20	328895103.81
Wrapped Kava	WKAVA	3.2	BRL	-95.53	1d	2023-09-05	10:53:20	497668959.0
USDJ	USDJ	5.53	BRL	0.08	1d	2023-09-05	10:53:20	272990250.25
Liquity USD	LUSD	4.96	BRL	-0.0	1d	2023-09-05	10:53:20	290638500.4
Huobi BTC	HBTC	127660.25	BRL	-0.4	1d	2023-09-05	10:53:20	8969.5
DeFiChain	DFI	1.5	BRL	0.18	1d	2023-09-05	10:53:20	1061435352.6
Edgecoin	EDGT	4.97	BRL	-0.03	1d	2023-09-05	10:53:20	1000000000.0
Aleph Zero	AZERO	3.79	BRL	-2.09	1d	2023-09-05	10:53:20	336231179.9
Beldex	BDX	0.17	BRL	1.81	1d	2023-09-05	10:53:20	9919818790.95
WEMIX	WEMIX	2.9	BRL	3.76	1d	2023-09-05	10:53:20	972837347.22
LUKSO	LYX	30.1	BRL	-5.5	1d	2023-09-05	10:53:20	42000000.0
Baby Doge Coin	BabyDoge	0.0	BRL	-5.38	1d	2023-09-05	10:53:20	2.113011236354442e+17
Wrapped Beacon ETH	WBETH	8260.99	BRL	0.16	1d	2023-09-05	10:53:20	98652.11
FINSCHIA	FNSA	111.73	BRL	1.13	1d	2023-09-05	10:53:20	7133594.86
Pendle	PENDLE	2.99	BRL	-2.74	1d	2023-09-05	10:53:20	258446028.24
Tribe	TRIBE	1.33	BRL	1.02	1d	2023-09-05	10:53:20	1000000000.0
Symbol	XYM	0.12	BRL	-1.86	1d	2023-09-05	10:53:20	8249302102.55
Polymath	POLY	0.72	BRL	19.05	1d	2023-09-05	10:53:20	1000000000.0
STASIS EURO	EURS	5.34	BRL	-0.55	1d	2023-09-05	10:53:20	124125940.0
Ronin	RON	2.59	BRL	-1.14	1d	2023-09-05	10:53:20	1000000000.0
SwissBorg	CHSB	0.65	BRL	0.04	1d	2023-09-05	10:53:20	1000000000.0
FLEX	FLEX	5.91	BRL	1.69	1d	2023-09-05	10:53:20	98664938.7
LUKSO (Old)	LYXe	30.42	BRL	-2.88	1d	2023-09-05	10:53:20	100000000.0
USDX [Kava]	USDX	4.65	BRL	-0.1	1d	2023-09-05	10:53:20	107526703.0
Gains Network	GNS	15.88	BRL	-0.24	1d	2023-09-05	10:53:20	30453619.0
OriginTrail	TRAC	1.16	BRL	-3.82	1d	2023-09-05	10:53:20	500000000.0
Rootstock Smart Bitcoin	RBTC	128634.77	BRL	-0.68	1d	2023-09-05	10:53:20	20999763.56
Echelon Prime	PRIME	16.4	BRL	4.42	1d	2023-09-05	10:53:20	111111111.1
JOE	JOE	1.23	BRL	-2.03	1d	2023-09-05	10:53:20	464573155.0
Pundi X (New)	PUNDIX	1.6	BRL	-1.0	1d	2023-09-05	10:53:20	258491637.23
Status	SNT	0.11	BRL	0.13	1d	2023-09-05	10:53:20	6804870174.88
STP	STPT	0.21	BRL	0.05	1d	2023-09-05	10:53:20	1942420283.03
SPACE ID	ID	1.08	BRL	2.8	1d	2023-09-05	10:53:20	1996892622.2
MiL.k	MLK	1.31	BRL	0.45	1d	2023-09-05	10:53:20	986245419.0
DeXe	DEXE	10.95	BRL	1.63	1d	2023-09-05	10:53:20	96504599.34
PlayDapp	PLA	0.71	BRL	0.32	1d	2023-09-05	10:53:20	700000000.0
Coin98	C98	0.69	BRL	0.14	1d	2023-09-05	10:53:20	1000000000.0
iExec RLC	RLC	5.45	BRL	3.53	1d	2023-09-05	10:53:20	86999784.99
Decimal	DEL	0.08	BRL	-0.34	1d	2023-09-05	10:53:20	4948570012.71
VVS Finance	VVS	0.0	BRL	-1.43	1d	2023-09-05	10:53:20	74621458065797.92
Decentralized Social	DESO	43.77	BRL	0.41	1d	2023-09-05	10:53:20	10808492.0
Keep Network	KEEP	0.41	BRL	-2.43	1d	2023-09-05	10:53:20	999848780.8
Dogelon Mars	ELON	0.0	BRL	0.59	1d	2023-09-05	10:53:20	1000000000000000.0
Amp	AMP	0.01	BRL	-1.16	1d	2023-09-05	10:53:20	99213408535.0
Metal DAO	MTL	5.76	BRL	4.08	1d	2023-09-05	10:53:20	66588888.0
Liquity	LQTY	4.07	BRL	0.99	1d	2023-09-05	10:53:20	100000000.0
Polymesh	POLYX	0.52	BRL	-0.05	1d	2023-09-05	10:53:20	849093572.1
inSure DeFi	SURE	0.01	BRL	-0.52	1d	2023-09-05	10:53:20	88000000000.0
Prom	PROM	20.25	BRL	-4.54	1d	2023-09-05	10:53:20	19250000.0
Statter Network	STT	7.31	BRL	-0.03	1d	2023-09-05	10:53:20	99994281.0
Ontology Gas	ONG	1.04	BRL	0.36	1d	2023-09-05	10:53:20	1000000000.0
Metars Genesis	MRS	5.81	BRL	-9.83	1d	2023-09-05	10:53:20	1000000000.0
dKargo	DKA	0.12	BRL	-0.2	1d	2023-09-05	10:53:20	5000000000.0
Bitgert	BRISE	0.0	BRL	-1.31	1d	2023-09-05	10:53:20	1000000000000000.0
Metacraft	MCT	6.84	BRL	10.35	1d	2023-09-05	10:53:20	1641963300.0
Hashflow	HFT	1.7	BRL	2.44	1d	2023-09-05	10:53:20	1000000000.0
Ordinals	ORDI	16.86	BRL	0.35	1d	2023-09-05	10:53:20	21000000.0
Rootstock Infrastructure Framework	RIF	0.36	BRL	1.96	1d	2023-09-05	10:53:20	1000000000.0
Radworks	RAD	6.85	BRL	0.86	1d	2023-09-05	10:53:20	99998580.0
Vega Protocol	VEGA	6.48	BRL	-8.36	1d	2023-09-05	10:53:20	64999723.0
Telcoin	TEL	0.01	BRL	0.05	1d	2023-09-05	10:53:20	100000000000.0
MVL	MVL	0.01	BRL	-0.51	1d	2023-09-05	10:53:20	27802958863.1
Wrapped NXM	WNXM	146.05	BRL	0.44	1d	2023-09-05	10:53:20	2379601.29
HarryPotterObamaSonic10Inu (ERC-20)	BITCOIN	0.34	BRL	8.44	1d	2023-09-05	10:53:20	999798155.0
Civic	CVC	0.34	BRL	-0.2	1d	2023-09-05	10:53:20	1000000000.0
UnlimitedIP	UIP	0.2	BRL	19.4	1d	2023-09-05	10:53:20	2839985525.01
Radiant Capital	RDNT	1.12	BRL	1.04	1d	2023-09-05	10:53:20	1000000000.0
Steem	STEEM	0.77	BRL	0.1	1d	2023-09-05	10:53:20	409190981.0
Powerledger	POWR	0.66	BRL	-0.39	1d	2023-09-05	10:53:20	999506123.0
Energy Web Token	EWT	11.23	BRL	-1.18	1d	2023-09-05	10:53:20	48638535.44
ABBC Coin	ABBC	0.24	BRL	-1.1	1d	2023-09-05	10:53:20	1500000000.0
Gitcoin	GTC	5.28	BRL	-3.35	1d	2023-09-05	10:53:20	100000000.0
Akropolis	AKRO	0.08	BRL	2.89	1d	2023-09-05	10:53:20	5000000000.0
NKN	NKN	0.44	BRL	1.49	1d	2023-09-05	10:53:20	754831361.68
IQ	IQ	0.02	BRL	-0.87	1d	2023-09-05	10:53:20	16652993052.93
Request	REQ	0.33	BRL	1.0	1d	2023-09-05	10:53:20	999717851.45
Orbs	ORBS	0.1	BRL	-0.2	1d	2023-09-05	10:53:20	10000000000.0
Syscoin	SYS	0.43	BRL	-0.15	1d	2023-09-05	10:53:20	747394569.79
OMG Network	OMG	2.29	BRL	1.35	1d	2023-09-05	10:53:20	140245398.25
NYM	NYM	0.58	BRL	-1.45	1d	2023-09-05	10:53:20	1000000000.0
CyberConnect	CYBER	28.92	BRL	-15.0	1d	2023-09-05	10:53:20	100000000.0
Bluzelle	BLZ	0.76	BRL	17.93	1d	2023-09-05	10:53:20	500000000.0
Marlin	POND	0.04	BRL	-0.39	1d	2023-09-05	10:53:20	8087375977.0
Stella	ALPHA	0.38	BRL	0.85	1d	2023-09-05	10:53:20	1000000000.0
Trexcoin	TREX	0.31	BRL	23.21	1d	2023-09-05	10:53:20	10006849552.6
MediBloc	MED	0.04	BRL	-1.06	1d	2023-09-05	10:53:20	8433374830.96
Bancor	BNT	2.11	BRL	0.38	1d	2023-09-05	10:53:20	161196921.34
Astrafer	ASTRAFER	1.95	BRL	-1.33	1d	2023-09-05	10:53:20	888077888.0
Yield Guild Games	YGG	1.11	BRL	1.02	1d	2023-09-05	10:53:20	1000000000.0
Chromia	CHR	0.44	BRL	0.54	1d	2023-09-05	10:53:20	690499228.33
Ardor	ARDR	0.3	BRL	-0.38	1d	2023-09-05	10:53:20	998999495.0
Dent	DENT	0.0	BRL	-0.87	1d	2023-09-05	10:53:20	100000000000.0
VeThor Token	VTHO	0.0	BRL	-0.57	1d	2023-09-05	10:53:20	66673876173.0
Stratis	STRAX	1.95	BRL	0.47	1d	2023-09-05	10:53:20	152912007.41
SmarDex	SDEX	0.05	BRL	5.33	1d	2023-09-05	10:53:20	10000000000.0
Ergo	ERG	5.08	BRL	0.49	1d	2023-09-05	10:53:20	59756145.0
Orchid	OXT	0.31	BRL	3.27	1d	2023-09-05	10:53:20	1000000000.0
Smooth Love Potion	SLP	0.01	BRL	0.76	1d	2023-09-05	10:53:20	41544623070.0
Wilder World	WILD	1.15	BRL	0.36	1d	2023-09-05	10:53:20	500000000.0
WINkLink	WIN	0.0	BRL	0.05	1d	2023-09-05	10:53:20	993701859243.49
Mdex	MDX	0.31	BRL	2.2	1d	2023-09-05	10:53:20	1060000000.0
Linear Finance	LINA	0.05	BRL	0.99	1d	2023-09-05	10:53:20	10000000000.0
Vai	VAI	4.96	BRL	0.05	1d	2023-09-05	10:53:20	57498554.0
Arkham	ARKM	1.89	BRL	-2.49	1d	2023-09-05	10:53:20	1000000000.0
Hifi Finance (Old)	MFT	0.03	BRL	0.69	1d	2023-09-05	10:53:20	10000000000.0
Artificial Liquid Intelligence	ALI	0.08	BRL	-0.23	1d	2023-09-05	10:53:20	10000000000.0
PegNet	PEG	0.13	BRL	7.01	1d	2023-09-05	10:53:20	2227955499.0
Maverick Protocol	MAV	1.12	BRL	-3.42	1d	2023-09-05	10:53:20	2000000000.0
Secret	SCRT	1.31	BRL	2.99	1d	2023-09-05	10:53:20	259783543.21
Venus	XVS	17.76	BRL	0.62	1d	2023-09-05	10:53:20	30000000.0
Clash of Lilliput	COL	3.35	BRL	-1.22	1d	2023-09-05	10:53:20	1000000000.0
Netrum	NTR	128.4	BRL	3.33	1d	2023-09-05	10:53:20	2577890.38
Sweat Economy	SWEAT	0.04	BRL	-4.65	1d	2023-09-05	10:53:20	22485002058.52
Verge	XVG	0.02	BRL	2.98	1d	2023-09-05	10:53:20	16521178281.57
Access Protocol	ACS	0.01	BRL	-1.47	1d	2023-09-05	10:53:20	86611518086.26
Ankr Staked ETH	ankrETH	9153.51	BRL	-0.14	1d	2023-09-05	10:53:20	54973.0
cVault.finance	CORE	26678.14	BRL	12.08	1d	2023-09-05	10:53:20	10000.0
Function X	FX	0.65	BRL	-0.36	1d	2023-09-05	10:53:20	408520357.0
Phala Network	PHA	0.44	BRL	1.7	1d	2023-09-05	10:53:20	1000000000.0
Ark	ARK	1.51	BRL	-0.11	1d	2023-09-05	10:53:20	175394848.0
Bifrost	BFC	0.19	BRL	-3.46	1d	2023-09-05	10:53:20	2584913482.0
Euro Coin	EUROC	5.36	BRL	-0.53	1d	2023-09-05	10:53:20	49333484.35
ARPA	ARPA	0.21	BRL	0.66	1d	2023-09-05	10:53:20	1500000000.0
DEXTools	DEXT	2.89	BRL	-0.44	1d	2023-09-05	10:53:20	136551255.0
Hippocrat	HPO	0.29	BRL	-8.33	1d	2023-09-05	10:53:20	1084734273.38
XCAD Network	XCAD	6.02	BRL	-1.45	1d	2023-09-05	10:53:20	198814955.78
Highstreet	HIGH	6.05	BRL	2.74	1d	2023-09-05	10:53:20	100000000.0
MetisDAO	METIS	57.69	BRL	-0.01	1d	2023-09-05	10:53:20	5410000.51
Beta Finance	BETA	0.36	BRL	1.98	1d	2023-09-05	10:53:20	1000000000.0
BinaryX	BNX	0.96	BRL	1.21	1d	2023-09-05	10:53:20	459187088.14
MOBOX	MBOX	1.21	BRL	-0.29	1d	2023-09-05	10:53:20	369987868.0
Shentu	CTK	2.7	BRL	10.1	1d	2023-09-05	10:53:20	124233040.0
Morpheus.Network	MNW	5.29	BRL	0.2	1d	2023-09-05	10:53:20	47897218.0
Synapse	SYN	1.78	BRL	-12.53	1d	2023-09-05	10:53:20	192696599.0
Sun (New)	SUN	0.03	BRL	-0.61	1d	2023-09-05	10:53:20	19900730000.0
Ultra	UOS	0.73	BRL	0.59	1d	2023-09-05	10:53:20	1000000000.0
Bytom	BTM	0.14	BRL	-0.72	1d	2023-09-05	10:53:20	1801877587.5
LooksRare	LOOKS	0.27	BRL	0.69	1d	2023-09-05	10:53:20	952498640.0
Hifi Finance	HIFI	2.56	BRL	0.12	1d	2023-09-05	10:53:20	117929473.11
ATOR Protocol	ATOR	2.87	BRL	6.01	1d	2023-09-05	10:53:20	100000000.0
COTI	COTI	0.2	BRL	3.11	1d	2023-09-05	10:53:20	2000000000.0
StormX	STMX	0.02	BRL	-2.3	1d	2023-09-05	10:53:20	12500000000.0
FUNToken	FUN	0.02	BRL	1.54	1d	2023-09-05	10:53:20	10977277070.4
Bad Idea AI	BAD	0.0	BRL	1.88	1d	2023-09-05	10:53:20	831041059897327.0
ConstitutionDAO	PEOPLE	0.05	BRL	0.94	1d	2023-09-05	10:53:20	5060137334.7
Loom Network	LOOM	0.19	BRL	-0.41	1d	2023-09-05	10:53:20	1300000000.0
QuarkChain	QKC	0.04	BRL	-0.03	1d	2023-09-05	10:53:20	10000000000.0
World Mobile Token	WMT	0.54	BRL	1.26	1d	2023-09-05	10:53:20	2000000000.0
Covalent	CQT	0.39	BRL	-3.45	1d	2023-09-05	10:53:20	1000000000.0
Oasys	OAS	0.24	BRL	-1.33	1d	2023-09-05	10:53:20	10000000000.0
smARTOFGIVING	AOG	3.13	BRL	-0.67	1d	2023-09-05	10:53:20	2003485057.9
Neutron	NTRN	1.52	BRL	0.56	1d	2023-09-05	10:53:20	999999633.0
DODO	DODO	0.51	BRL	5.96	1d	2023-09-05	10:53:20	1000000000.0
Braintrust	BTRST	1.5	BRL	0.16	1d	2023-09-05	10:53:20	250000000.0
MARBLEX	MBX	3.65	BRL	-0.76	1d	2023-09-05	10:53:20	325844442.0
Unifi Protocol DAO	UNFI	39.2	BRL	-12.95	1d	2023-09-05	10:53:20	8629041.52
Concordium	CCD	0.03	BRL	-0.14	1d	2023-09-05	10:53:20	11568824325.0
XPLA	XPLA	0.95	BRL	0.15	1d	2023-09-05	10:53:20	1999999800.0
PayPal USD	PYUSD	4.99	BRL	-0.01	1d	2023-09-05	10:53:20	44376440.45
Ren	REN	0.22	BRL	1.35	1d	2023-09-05	10:53:20	999999632.8
Locus Chain	LOCUS	0.11	BRL	0.18	1d	2023-09-05	10:53:20	7000000000.0
MovieBloc	MBL	0.01	BRL	-0.77	1d	2023-09-05	10:53:20	30000000000.0
PLANET	PLANET	0.0	BRL	2.29	1d	2023-09-05	10:53:20	1000000000010.0
XSGD	XSGD	3.65	BRL	-0.36	1d	2023-09-05	10:53:20	83617320.37
Aavegotchi	GHST	4.0	BRL	0.41	1d	2023-09-05	10:53:20	52747802.71
Verasity	VRA	0.02	BRL	-0.55	1d	2023-09-05	10:53:20	110305680354.0
Origin Protocol	OGN	0.38	BRL	2.39	1d	2023-09-05	10:53:20	1000000000.0
Celo Dollar	CUSD	4.97	BRL	0.23	1d	2023-09-05	10:53:20	57241566.22
WhiteCoin	XWC	0.27	BRL	0.0	1d	2023-09-05	10:53:20	971792390.0
Spell Token	SPELL	0.0	BRL	0.39	1d	2023-09-05	10:53:20	196008739620.0
Pocket Network	POKT	0.14	BRL	-5.39	1d	2023-09-05	10:53:20	1637686745.0
AllianceBlock Nexera	NXRA	0.29	BRL	11.02	1d	2023-09-05	10:53:20	850000000.0
XYO	XYO	0.02	BRL	-2.28	1d	2023-09-05	10:53:20	13931216938.0
AVINOC	AVINOC	0.53	BRL	23.98	1d	2023-09-05	10:53:20	1000000000.0
Dusk	DUSK	0.49	BRL	1.8	1d	2023-09-05	10:53:20	500000000.0
Badger DAO	BADGER	10.2	BRL	0.77	1d	2023-09-05	10:53:20	21000000.0
Groestlcoin	GRS	2.41	BRL	-6.09	1d	2023-09-05	10:53:20	83326788.89
Cobak Token	CBK	2.6	BRL	-3.23	1d	2023-09-05	10:53:20	100000000.0
Forta	FORT	0.54	BRL	-1.75	1d	2023-09-05	10:53:20	1000000000.0
Raydium	RAY	0.88	BRL	-1.91	1d	2023-09-05	10:53:20	554999746.98
RSS3	RSS3	0.46	BRL	-4.18	1d	2023-09-05	10:53:20	1000000000.0
Gods Unchained	GODS	0.81	BRL	-0.25	1d	2023-09-05	10:53:20	500000000.0
Tokamak Network	TON	5.52	BRL	-9.06	1d	2023-09-05	10:53:20	75018093.76
Creditcoin	CTC	0.76	BRL	-3.19	1d	2023-09-05	10:53:20	599999997.0
Ampleforth Governance Token	FORTH	12.97	BRL	0.34	1d	2023-09-05	10:53:20	15297897.14
Rakon	RKN	0.81	BRL	0.1	1d	2023-09-05	10:53:20	285714286.0
Aergo	AERGO	0.44	BRL	0.09	1d	2023-09-05	10:53:20	500000000.0
Tether EURt	EURt	5.35	BRL	-0.47	1d	2023-09-05	10:53:20	50001660.54
Wirex Token	WXT	0.02	BRL	4.35	1d	2023-09-05	10:53:20	10000000000.0
Hooked Protocol	HOOK	3.87	BRL	0.68	1d	2023-09-05	10:53:20	500000000.0
SOMESING	SSX	0.07	BRL	-0.14	1d	2023-09-05	10:53:20	6000000000.0
MyNeighborAlice	ALICE	3.77	BRL	3.39	1d	2023-09-05	10:53:20	100000000.0
Zebec	ZBC	0.06	BRL	-4.06	1d	2023-09-05	10:53:20	9999999712.0
Doge Killer	LEASH	1801.94	BRL	-4.07	1d	2023-09-05	10:53:20	107565.51
Dynex	DNX	3.26	BRL	5.67	1d	2023-09-05	10:53:20	100000000.0
WazirX	WRX	0.5	BRL	-1.84	1d	2023-09-05	10:53:20	962646668.99
ThunderCore	TT	0.02	BRL	1.11	1d	2023-09-05	10:53:20	10374689361.0
Orbit Chain	ORC	0.29	BRL	2.43	1d	2023-09-05	10:53:20	948835097.85
e-Radix	EXRD	0.26	BRL	-0.78	1d	2023-09-05	10:53:20	0.0
COMBO	COMBO	2.63	BRL	-4.02	1d	2023-09-05	10:53:20	71051748.0
Adventure Gold	AGLD	2.66	BRL	-5.5	1d	2023-09-05	10:53:20	70170001.0
HarryPotterObamaPacMan8Inu	XRP	2.27	BRL	19.61	1d	2023-09-05	10:53:20	83510918.65
ALL BEST ICO	ALLBI	0.14	BRL	3729.78	1d	2023-09-05	10:53:20	1534000000.0
Aura Finance	AURA	4.65	BRL	0.05	1d	2023-09-05	10:53:20	50000000.0
Pirate Chain	ARRR	0.94	BRL	0.08	1d	2023-09-05	10:53:20	196213797.97
Bella Protocol	BEL	2.83	BRL	-2.87	1d	2023-09-05	10:53:20	100000000.0
Perpetual Protocol	PERP	2.79	BRL	27.11	1d	2023-09-05	10:53:20	150000000.0
ALEX Lab	ALEX	0.3	BRL	-2.83	1d	2023-09-05	10:53:20	606489877.3
Strike	STRK	47.38	BRL	-2.35	1d	2023-09-05	10:53:20	6540888.0
Sologenic	SOLO	0.46	BRL	-0.24	1d	2023-09-05	10:53:20	399947699.0
NvirWorld	NVIR	0.17	BRL	-10.78	1d	2023-09-05	10:53:20	10698691796.62
r/CryptoCurrency Moons	MOON	1.7	BRL	-2.3	1d	2023-09-05	10:53:20	107887754.0
Alien Worlds	TLM	0.05	BRL	4.17	1d	2023-09-05	10:53:20	6113718288.66
sUSD	SUSD	4.95	BRL	0.02	1d	2023-09-05	10:53:20	36375106.61
Wanchain	WAN	0.91	BRL	0.87	1d	2023-09-05	10:53:20	197028994.66
Dero	DERO	12.9	BRL	-1.71	1d	2023-09-05	10:53:20	18400000.0
Toko Token	TKO	1.1	BRL	-0.72	1d	2023-09-05	10:53:20	500000000.0
WAGMI Games	WAGMIGAMES	0.0	BRL	8.02	1d	2023-09-05	10:53:20	2200000000000.0
Flamingo	FLM	0.35	BRL	19.16	1d	2023-09-05	10:53:20	511108368.13
Efinity Token	EFI	0.23	BRL	2.69	1d	2023-09-05	10:53:20	2000000000.0
Rally	RLY	0.03	BRL	0.3	1d	2023-09-05	10:53:20	15000000000.0
Carry	CRE	0.02	BRL	-2.58	1d	2023-09-05	10:53:20	10000000000.0
Constellation	DAG	0.14	BRL	-2.71	1d	2023-09-05	10:53:20	3711998690.36
MUX Protocol	MCB	46.0	BRL	-0.08	1d	2023-09-05	10:53:20	4803143.0
Voyager Token	VGX	0.63	BRL	-4.67	1d	2023-09-05	10:53:20	278482214.19
Meter Governance	MTRG	8.08	BRL	2.69	1d	2023-09-05	10:53:20	45077457.0
Metadium	META	0.1	BRL	-1.59	1d	2023-09-05	10:53:20	2000000000.0
DeFi Pulse Index	DPI	308.83	BRL	-0.18	1d	2023-09-05	10:53:20	558983.43
PlatON	LAT	0.04	BRL	-4.92	1d	2023-09-05	10:53:20	10250000000.0
LeverFi	LEVER	0.01	BRL	9.24	1d	2023-09-05	10:53:20	35000000000.0
Fei USD	FEI	4.92	BRL	0.63	1d	2023-09-05	10:53:20	35162592.67
Enzyme	MLN	72.23	BRL	-3.78	1d	2023-09-05	10:53:20	2369709.06
Trias Token (new)	TRIAS	18.09	BRL	3.69	1d	2023-09-05	10:53:20	9814000.0
0x0.ai	0x0	0.19	BRL	0.14	1d	2023-09-05	10:53:20	1000000000.0
Mines of Dalarnia	DAR	0.42	BRL	2.0	1d	2023-09-05	10:53:20	800000000.0
Electroneum	ETN	0.01	BRL	-4.48	1d	2023-09-05	10:53:20	17953823546.69
Acala Token	ACA	0.21	BRL	0.78	1d	2023-09-05	10:53:20	1000000000.0
LCX	LCX	0.22	BRL	-1.06	1d	2023-09-05	10:53:20	950000000.0
AXEL	AXEL	0.58	BRL	-0.68	1d	2023-09-05	10:53:20	770933110.51
Elastos	ELA	8.12	BRL	-0.39	1d	2023-09-05	10:53:20	24940211.89
SingularityDAO	SDAO	1.99	BRL	4.11	1d	2023-09-05	10:53:20	100000000.0
Moonriver	MOVR	20.87	BRL	-0.96	1d	2023-09-05	10:53:20	10951318.0
SuperVerse	SUPER	0.4	BRL	-1.73	1d	2023-09-05	10:53:20	999998077.42
Reef	REEF	0.01	BRL	5.53	1d	2023-09-05	10:53:20	22821409581.0
VerusCoin	VRSC	2.18	BRL	4.73	1d	2023-09-05	10:53:20	74137956.78
CEEK VR	CEEK	0.2	BRL	0.54	1d	2023-09-05	10:53:20	1000000000.0
Nakamoto Games	NAKA	2.22	BRL	1.28	1d	2023-09-05	10:53:20	180000000.0
TrueFi	TRU	0.15	BRL	1.58	1d	2023-09-05	10:53:20	1198450773.16
Automata Network	ATA	0.4	BRL	1.27	1d	2023-09-05	10:53:20	1000000000.0
HELLO Labs	HELLO	0.25	BRL	-1.5	1d	2023-09-05	10:53:20	1000000000.0
FirmaChain	FCT	0.22	BRL	-6.22	1d	2023-09-05	10:53:20	768897119.64
Lyra	LYRA	0.3	BRL	-3.87	1d	2023-09-05	10:53:20	1000000000.0
Veritaseum	VERI	73.08	BRL	2.28	1d	2023-09-05	10:53:20	100000000.0
RACA	RACA	0.0	BRL	-0.58	1d	2023-09-05	10:53:20	431418233271.0
Ultiledger	ULT	0.06	BRL	-0.34	1d	2023-09-05	10:53:20	4500000000.0
Measurable Data Token	MDT	0.23	BRL	-1.06	1d	2023-09-05	10:53:20	1000000000.0
ASD	ASD	0.24	BRL	0.72	1d	2023-09-05	10:53:20	780615274.0
Uquid Coin	UQC	15.42	BRL	0.26	1d	2023-09-05	10:53:20	40000000.0
IDEX	IDEX	0.23	BRL	4.1	1d	2023-09-05	10:53:20	1000000000.0
Persistence	XPRT	0.85	BRL	-0.08	1d	2023-09-05	10:53:20	186216510.19
ZEON	ZEON	0.0	BRL	0.78	1d	2023-09-05	10:53:20	50000000000.0
Celsius	CEL	0.63	BRL	0.6	1d	2023-09-05	10:53:20	695658160.0
Dejitaru Tsuka	TSUKA	0.15	BRL	32.08	1d	2023-09-05	10:53:20	1000000000.0
HUNT	HUNT	1.35	BRL	-1.32	1d	2023-09-05	10:53:20	199104720.0
Beefy	BIFI	1862.66	BRL	30.42	1d	2023-09-05	10:53:20	80000.0
Seedify.fund	SFUND	2.85	BRL	0.99	1d	2023-09-05	10:53:20	100000000.0
Komodo	KMD	1.08	BRL	-0.55	1d	2023-09-05	10:53:20	136870414.02
Milady Meme Coin	LADYS	0.0	BRL	6.35	1d	2023-09-05	10:53:20	888000888000888.0
Chainge	CHNG	0.37	BRL	0.23	1d	2023-09-05	10:53:20	716725414.0
Dawn Protocol	DAWN	1.95	BRL	-0.25	1d	2023-09-05	10:53:20	76588156.83
Bounce Token	AUCTION	22.33	BRL	-0.23	1d	2023-09-05	10:53:20	7640627.0
Biswap	BSW	0.31	BRL	-0.56	1d	2023-09-05	10:53:20	534817040.0
Coinweb	CWEB	0.09	BRL	1.63	1d	2023-09-05	10:53:20	7671841068.0
Reserve	RSV	4.97	BRL	-0.03	1d	2023-09-05	10:53:20	28850666.79
SuperRare	RARE	0.3	BRL	0.05	1d	2023-09-05	10:53:20	1000000000.0
Angola	AGLA	0.3	BRL	7.24	1d	2023-09-05	10:53:20	3000000000.0
Saitama	SAITAMA	0.0	BRL	1.33	1d	2023-09-05	10:53:20	44386600827.18
BakeryToken	BAKE	0.49	BRL	3.09	1d	2023-09-05	10:53:20	289770513.96
Tellor	TRB	82.46	BRL	6.82	1d	2023-09-05	10:53:20	2441539.0
KLAYswap Protocol	KSP	2.56	BRL	-0.05	1d	2023-09-05	10:53:20	118960108.0
IRISnet	IRIS	0.09	BRL	0.18	1d	2023-09-05	10:53:20	2160346464.03
Ethernity	ERN	7.48	BRL	3.44	1d	2023-09-05	10:53:20	30000000.0
MXC	MXC	0.05	BRL	45.78	1d	2023-09-05	10:53:20	5329931600.0
xMoney	UTK	0.28	BRL	3.16	1d	2023-09-05	10:53:20	500000000.0
TokenPocket	TPT	0.04	BRL	0.35	1d	2023-09-05	10:53:20	3466457400.0
Veritise	VTS	0.61	BRL	-0.35	1d	2023-09-05	10:53:20	305140369.02
BitShares	BTS	0.05	BRL	0.2	1d	2023-09-05	10:53:20	2995028095.39
Propy	PRO	1.36	BRL	-4.37	1d	2023-09-05	10:53:20	100000000.0
USDK	USDK	4.75	BRL	-0.08	1d	2023-09-05	10:53:20	28600072.0
Hourglass	WAIT	1.39	BRL	5.53	1d	2023-09-05	10:53:20	97959724.0
Router Protocol	ROUTE	10.61	BRL	1.83	1d	2023-09-05	10:53:20	20000000.0
Guild of Guardians	GOG	0.33	BRL	-2.93	1d	2023-09-05	10:53:20	1000000000.0
MonaCoin	MONA	2.04	BRL	-0.46	1d	2023-09-05	10:53:20	65729674.87
Refereum	RFR	0.03	BRL	2.61	1d	2023-09-05	10:53:20	4999650000.0
Moss Coin	MOC	0.34	BRL	0.56	1d	2023-09-05	10:53:20	500000000.0
RAMP	RAMP	0.27	BRL	-0.67	1d	2023-09-05	10:53:20	1000000000.0
Cortex	CTXC	0.6	BRL	-0.71	1d	2023-09-05	10:53:20	299792458.0
Qredo	QRDO	0.22	BRL	-8.66	1d	2023-09-05	10:53:20	1625000000.0
Kin	KIN	0.0	BRL	-5.95	1d	2023-09-05	10:53:20	2935737051545.0
Polkastarter	POLS	1.28	BRL	2.89	1d	2023-09-05	10:53:20	100000000.0
Phoenix	PHB	2.86	BRL	0.95	1d	2023-09-05	10:53:20	44653058.0
Steem Dollars	SBD	10.11	BRL	-1.75	1d	2023-09-05	10:53:20	12411122.61
FC Barcelona Fan Token	BAR	12.43	BRL	0.2	1d	2023-09-05	10:53:20	40000000.0
Sentinel Protocol	UPP	0.26	BRL	1.15	1d	2023-09-05	10:53:20	500000000.0
AhaToken	AHT	0.03	BRL	1.2	1d	2023-09-05	10:53:20	7773367076.06
AVA	AVA	2.38	BRL	0.59	1d	2023-09-05	10:53:20	61011389.0
Gelato	GEL	1.13	BRL	0.13	1d	2023-09-05	10:53:20	420690000.0
SelfKey	KEY	0.02	BRL	1.15	1d	2023-09-05	10:53:20	5999999954.46
Bloktopia	BLOK	0.01	BRL	-0.56	1d	2023-09-05	10:53:20	200000000000.0
DIA	DIA	1.1	BRL	1.52	1d	2023-09-05	10:53:20	168817248.0
Delysium	AGI	0.49	BRL	85.55	1d	2023-09-05	10:53:20	3000000000.0
Altura	ALU	0.17	BRL	4.47	1d	2023-09-05	10:53:20	990000000.0
district0x	DNT	0.12	BRL	0.33	1d	2023-09-05	10:53:20	1000000000.0
Litentry	LIT	3.03	BRL	-0.06	1d	2023-09-05	10:53:20	100000000.0
CLV	CLV	0.16	BRL	2.97	1d	2023-09-05	10:53:20	1000000000.0
Adshares	ADS	3.05	BRL	-1.11	1d	2023-09-05	10:53:20	38758206.0
H2O DAO	H2O	0.52	BRL	1.99	1d	2023-09-05	10:53:20	1000000000.0
Gomining	GMT	0.42	BRL	-7.91	1d	2023-09-05	10:53:20	436915240.0
REI Network	REI	0.12	BRL	4.09	1d	2023-09-05	10:53:20	1000000000.0
Virtua	TVK	0.1	BRL	-1.03	1d	2023-09-05	10:53:20	1200000000.0
Alitas	ALT	0.95	BRL	-0.71	1d	2023-09-05	10:53:20	1000000000.0
LTO Network	LTO	0.27	BRL	0.18	1d	2023-09-05	10:53:20	418879649.65
Dione Protocol	DIONE	0.01	BRL	10.36	1d	2023-09-05	10:53:20	9889892572.7
StrikeX	STRX	0.13	BRL	-4.34	1d	2023-09-05	10:53:20	884625833.44
CoinEx Token	CET	0.16	BRL	-0.36	1d	2023-09-05	10:53:20	4200000000.0
Gas	GAS	11.14	BRL	0.66	1d	2023-09-05	10:53:20	17190378.0
NFT Worlds	WRLD	0.16	BRL	0.71	1d	2023-09-05	10:53:20	782440664.56
Klever	KLV	0.01	BRL	0.06	1d	2023-09-05	10:53:20	10000000000.0
Velo	VELO	0.02	BRL	-0.28	1d	2023-09-05	10:53:20	23999998948.0
StreamCoin	STRM	0.07	BRL	2.43	1d	2023-09-05	10:53:20	3711647073.7
Ampleforth	AMPL	4.99	BRL	0.77	1d	2023-09-05	10:53:20	22158685.36
Petals	PTS	0.01	BRL	0.76	1d	2023-09-05	10:53:20	100000000000.0
Alpha Quark Token	AQT	4.06	BRL	-0.76	1d	2023-09-05	10:53:20	30000000.0
Alchemix	ALCX	55.73	BRL	1.39	1d	2023-09-05	10:53:20	2216300.67
Defigram	DFG	10.79	BRL	-6.92	1d	2023-09-05	10:53:20	1000000000.0
RichQUACK.com	QUACK	0.0	BRL	-4.06	1d	2023-09-05	10:53:20	4.6775855335611e+16
Quickswap [New]	QUICK	0.2	BRL	0.51	1d	2023-09-05	10:53:20	899989128.0
Telos	TLOS	0.4	BRL	-1.33	1d	2023-09-05	10:53:20	420000000.0
Hermez Network	HEZ	22.76	BRL	-0.03	1d	2023-09-05	10:53:20	100000000.0
Oraichain	ORAI	8.35	BRL	-3.42	1d	2023-09-05	10:53:20	16779272.0
QuickSwap [old]	QUICK	205.01	BRL	-1.44	1d	2023-09-05	10:53:20	1000000.0
Tokenlon Network Token	LON	2.36	BRL	1.75	1d	2023-09-05	10:53:20	116298814.86
Findora	FRA	0.01	BRL	0.89	1d	2023-09-05	10:53:20	21000000000.0
Cream Finance	CREAM	56.25	BRL	0.16	1d	2023-09-05	10:53:20	2924546.0
Alpine F1 Team Fan Token	ALPINE	9.15	BRL	-0.03	1d	2023-09-05	10:53:20	40000000.0
CUDOS	CUDOS	0.02	BRL	-4.25	1d	2023-09-05	10:53:20	8652956008.0
Streamr	DATA	0.11	BRL	0.7	1d	2023-09-05	10:53:20	1018085652.0
Boba Network	BOBA	0.6	BRL	-0.48	1d	2023-09-05	10:53:20	500000000.0
Multichain	MULTI	6.99	BRL	-32.82	1d	2023-09-05	10:53:20	100000000.0
Namecoin	NMC	6.87	BRL	5.02	1d	2023-09-05	10:53:20	14736400.0
BENQI	QI	0.03	BRL	-0.47	1d	2023-09-05	10:53:20	7200000000.0
TROY	TROY	0.01	BRL	-0.3	1d	2023-09-05	10:53:20	10000000000.0
Alpaca Finance	ALPACA	0.66	BRL	0.22	1d	2023-09-05	10:53:20	150901588.4
Maple	MPL	22.59	BRL	-2.21	1d	2023-09-05	10:53:20	10000000.0
Bubblefong	BBF	0.65	BRL	10.53	1d	2023-09-05	10:53:20	1000000000.0
GuildFi	GF	0.24	BRL	-3.48	1d	2023-09-05	10:53:20	1000000000.0
Castello Coin	CAST	0.5	BRL	-0.44	1d	2023-09-05	10:53:20	440000000.0
FNCY	FNCY	0.11	BRL	0.16	1d	2023-09-05	10:53:20	1039903582.91
Onyxcoin	XCN	0.0	BRL	-1.08	1d	2023-09-05	10:53:20	48467149260.82
Firo	FIRO	7.55	BRL	-0.21	1d	2023-09-05	10:53:20	21400000.0
Manchester City Fan Token	CITY	14.86	BRL	-0.16	1d	2023-09-05	10:53:20	19740000.0
NuNet	NTX	0.19	BRL	0.35	1d	2023-09-05	10:53:20	1000000000.0
Nine Chronicles	WNCG	0.32	BRL	1.9	1d	2023-09-05	10:53:20	568964008.7
Wing Finance	WING	26.36	BRL	7.48	1d	2023-09-05	10:53:20	4734886.59
Bitcicoin	BITCI	0.01	BRL	-0.61	1d	2023-09-05	10:53:20	20872348887.0
Aurora	AURORA	0.28	BRL	-0.95	1d	2023-09-05	10:53:20	1000000000.0
NULS	NULS	0.91	BRL	-0.37	1d	2023-09-05	10:53:20	124602714.74
ParaSwap	PSP	0.13	BRL	0.27	1d	2023-09-05	10:53:20	2000000000.0
SpaceN	SN	2.34	BRL	-1.82	1d	2023-09-05	10:53:20	1000000000.0
KardiaChain	KAI	0.02	BRL	-0.9	1d	2023-09-05	10:53:20	5000000000.0
GYEN	GYEN	0.03	BRL	-0.08	1d	2023-09-05	10:53:20	5396921683.0
Chainbing	CBG	2.82	BRL	-5.17	1d	2023-09-05	10:53:20	10000000000.0
AdEx	ADX	0.65	BRL	0.3	1d	2023-09-05	10:53:20	150000000.0
Kishu Inu	KISHU	0.0	BRL	-1.37	1d	2023-09-05	10:53:20	9.674484112495483e+16
Yield App	YLD	0.39	BRL	-5.64	1d	2023-09-05	10:53:20	300000000.0
UNS TOKEN	UNS	0.87	BRL	-0.74	1d	2023-09-05	10:53:20	1000000000.0
Contentos	COS	0.02	BRL	0.77	1d	2023-09-05	10:53:20	9918149550.6
Keep3rV1	KP3R	213.84	BRL	-1.13	1d	2023-09-05	10:53:20	425178.0
Aleph.im	ALEPH	0.37	BRL	-0.36	1d	2023-09-05	10:53:20	500000000.0
Dego Finance	DEGO	6.41	BRL	-2.85	1d	2023-09-05	10:53:20	21000000.0
Student Coin	STC	0.02	BRL	1.04	1d	2023-09-05	10:53:20	10000000000.0
NEOPIN	NPT	1.69	BRL	-2.24	1d	2023-09-05	10:53:20	1000000000.0
Hillstone Finance	HSF	2.99	BRL	-1.98	1d	2023-09-05	10:53:20	100000000.0
Orion Protocol	ORN	2.62	BRL	3.94	1d	2023-09-05	10:53:20	92631255.0
ONBUFF	ONIT	0.11	BRL	0.16	1d	2023-09-05	10:53:20	770075466.0
Splintershards	SPS	0.08	BRL	-1.28	1d	2023-09-05	10:53:20	1171132360.58
Battle World	BWO	0.27	BRL	-4.7	1d	2023-09-05	10:53:20	1000000000.0
Solend	SLND	2.46	BRL	-1.15	1d	2023-09-05	10:53:20	100000000.0
RocketX exchange	RVF	1.17	BRL	4.09	1d	2023-09-05	10:53:20	99300000.0
NEST Protocol	NEST	0.03	BRL	-4.75	1d	2023-09-05	10:53:20	9978035000.0
VIMworld	VEED	0.02	BRL	-0.38	1d	2023-09-05	10:53:20	100000000000.0
Mango	MNGO	0.09	BRL	-1.78	1d	2023-09-05	10:53:20	10000000000.0
BarnBridge	BOND	10.77	BRL	-4.76	1d	2023-09-05	10:53:20	10000000.0
Opulous	OPUL	0.33	BRL	5.47	1d	2023-09-05	10:53:20	500000000.0
OG Fan Token	OG	21.79	BRL	1.09	1d	2023-09-05	10:53:20	5000000.0
Stader	SD	3.01	BRL	-0.86	1d	2023-09-05	10:53:20	150000000.0
Epic Cash	EPIC	5.06	BRL	-0.42	1d	2023-09-05	10:53:20	16776284.0
MAP Protocol	MAP	0.04	BRL	-0.87	1d	2023-09-05	10:53:20	10000000000.0
DeRace	DERC	0.77	BRL	-1.66	1d	2023-09-05	10:53:20	120000000.0
Dust Protocol	DUST	4.38	BRL	-1.08	1d	2023-09-05	10:53:20	33297819.0
DFI.Money	YFII	2166.47	BRL	-3.41	1d	2023-09-05	10:53:20	39375.0
UFO Gaming	UFO	0.0	BRL	0.63	1d	2023-09-05	10:53:20	25757575757575.5
TerraKRW	KRT	0.0	BRL	0.26	1d	2023-09-05	10:53:20	38350095381.33
Elitium	EUM	2.96	BRL	82.15	1d	2023-09-05	10:53:20	332200000.0
r/FortNiteBR Bricks	BRICK	0.74	BRL	-0.37	1d	2023-09-05	10:53:20	111230228.0
VAIOT	VAI	0.31	BRL	0.21	1d	2023-09-05	10:53:20	400000000.0
BitMart Token	BMX	0.47	BRL	-0.5	1d	2023-09-05	10:53:20	881679315.04
Star Atlas DAO	POLIS	0.52	BRL	-4.3	1d	2023-09-05	10:53:20	360000000.0
S.S. Lazio Fan Token	LAZIO	9.26	BRL	0.01	1d	2023-09-05	10:53:20	40000000.0
Origin Dollar	OUSD	4.97	BRL	0.0	1d	2023-09-05	10:53:20	15936346.0
Voxies	VOXEL	0.67	BRL	-0.81	1d	2023-09-05	10:53:20	300000000.0
Fusion	FSN	1.06	BRL	-0.39	1d	2023-09-05	10:53:20	74354913.0
YooShi	YOOSHI	0.0	BRL	-0.59	1d	2023-09-05	10:53:20	1000000000000000.0
Celo Euro	CEUR	5.35	BRL	0.35	1d	2023-09-05	10:53:20	14383888.86
Taraxa	TARA	0.03	BRL	-6.15	1d	2023-09-05	10:53:20	10240163442.0
Tranchess	CHESS	0.61	BRL	1.3	1d	2023-09-05	10:53:20	300000000.0
XPR Network	XPR	0.0	BRL	-0.67	1d	2023-09-05	10:53:20	28030198381.53
CENNZnet	CENNZ	0.06	BRL	1.0	1d	2023-09-05	10:53:20	1200000000.0
AirSwap	AST	0.43	BRL	3.04	1d	2023-09-05	10:53:20	500000000.0
StaFi	FIS	1.24	BRL	3.75	1d	2023-09-05	10:53:20	114911733.05
Ternoa	CAPS	0.06	BRL	2.35	1d	2023-09-05	10:53:20	2500000000.0
Shiden Network	SDN	1.19	BRL	5.09	1d	2023-09-05	10:53:20	71394391.64
Syntropy	NOIA	0.11	BRL	0.47	1d	2023-09-05	10:53:20	1000000000.0
Harvest Finance	FARM	108.06	BRL	3.05	1d	2023-09-05	10:53:20	704835.78
Maro	MARO	0.07	BRL	-1.74	1d	2023-09-05	10:53:20	986579312.49
Velas	VLX	0.03	BRL	-0.01	1d	2023-09-05	10:53:20	2494980154.72
MANTRA	OM	0.1	BRL	1.19	1d	2023-09-05	10:53:20	888888888.0
BIDR	BIDR	0.0	BRL	-0.24	1d	2023-09-05	10:53:20	645700000000.0
HOPR	HOPR	0.21	BRL	-0.73	1d	2023-09-05	10:53:20	394545361.0
Paris Saint-Germain Fan Token	PSG	15.57	BRL	-0.74	1d	2023-09-05	10:53:20	20000000.0
dForce	DF	0.17	BRL	2.51	1d	2023-09-05	10:53:20	999926174.95
Frontier	FRONT	0.8	BRL	0.19	1d	2023-09-05	10:53:20	100000000.0
Everdome	DOME	0.0	BRL	7.64	1d	2023-09-05	10:53:20	100000000000.0
Tamadoge	TAMA	0.05	BRL	0.59	1d	2023-09-05	10:53:20	1417967396.0
Assemble Protocol	ASM	0.06	BRL	8.8	1d	2023-09-05	10:53:20	1490625000.0
ForTube	FOR	0.09	BRL	0.75	1d	2023-09-05	10:53:20	1000000000.0
FC Porto Fan Token	PORTO	9.13	BRL	0.06	1d	2023-09-05	10:53:20	40000000.0
Kava Lend	HARD	0.53	BRL	2.19	1d	2023-09-05	10:53:20	200000000.0
RMRK	RMRK	7.47	BRL	2.16	1d	2023-09-05	10:53:20	10000000.0
Star Atlas	ATLAS	0.01	BRL	0.54	1d	2023-09-05	10:53:20	36000000000.0
League of Kingdoms Arena	LOKA	0.95	BRL	-0.76	1d	2023-09-05	10:53:20	183987308.15
BurgerCities	BURGER	1.62	BRL	0.13	1d	2023-09-05	10:53:20	42850150.56
Circuits of Value	COVAL	0.04	BRL	-3.69	1d	2023-09-05	10:53:20	1786752135.91
Shiba Predator	QOM	0.0	BRL	-1.37	1d	2023-09-05	10:53:20	599886333333333.0
Ellipsis	EPS	0.1	BRL	-1.7	1d	2023-09-05	10:53:20	723701571.8
PolySwarm	NCT	0.04	BRL	-1.22	1d	2023-09-05	10:53:20	1885913075.85
AC Milan Fan Token	ACM	9.44	BRL	0.05	1d	2023-09-05	10:53:20	20000000.0
Boson Protocol	BOSON	0.64	BRL	11.39	1d	2023-09-05	10:53:20	200000000.0
GameZone	GZONE	0.08	BRL	3.13	1d	2023-09-05	10:53:20	840117284.94
VIDT DAO	VIDT	0.09	BRL	5.03	1d	2023-09-05	10:53:20	1000000000.0
Image Generation AI	IMGNAI	0.09	BRL	9.41	1d	2023-09-05	10:53:20	1000000000.0
Waltonchain	WTC	0.76	BRL	3.52	1d	2023-09-05	10:53:20	87938551.0
UNCX Network	UNCX	1439.29	BRL	-1.7	1d	2023-09-05	10:53:20	47650.0
Cosplay Token	COT	0.17	BRL	-0.07	1d	2023-09-05	10:53:20	1000000000.0
rhino.fi	DVF	2.77	BRL	0.33	1d	2023-09-05	10:53:20	100000000.0
Santos FC Fan Token	SANTOS	14.61	BRL	0.57	1d	2023-09-05	10:53:20	30000000.0
Metahero	HERO	0.01	BRL	1.55	1d	2023-09-05	10:53:20	9766213274.0
Snek	SNEK	0.0	BRL	-0.89	1d	2023-09-05	10:53:20	76715880000.0
Games for a Living	GFAL	0.09	BRL	4.38	1d	2023-09-05	10:53:20	10000000000.0
XCAD Network Play	PLAY	0.32	BRL	-2.24	1d	2023-09-05	10:53:20	547161989.8
Decentral Games	DG	0.09	BRL	-2.69	1d	2023-09-05	10:53:20	726182012.76
Rarible	RARI	4.55	BRL	-1.4	1d	2023-09-05	10:53:20	25000000.0
AirDAO	AMB	0.04	BRL	3.52	1d	2023-09-05	10:53:20	6373098340.0
Radiant	RXD	0.01	BRL	0.51	1d	2023-09-05	10:53:20	7249489344.17
Volt Inu	VOLT	0.0	BRL	-0.24	1d	2023-09-05	10:53:20	69000000000000.0
ICHI	ICHI	9.75	BRL	1.22	1d	2023-09-05	10:53:20	10000000.0
PIVX	PIVX	0.85	BRL	3.56	1d	2023-09-05	10:53:20	76234550.59
Stratos	STOS	3.21	BRL	-3.15	1d	2023-09-05	10:53:20	100000000.0
PARSIQ	PRQ	0.34	BRL	0.65	1d	2023-09-05	10:53:20	310256872.0
DIMO	DIMO	0.45	BRL	0.05	1d	2023-09-05	10:53:20	1000000000.0
Revain	REV	0.0	BRL	0.53	1d	2023-09-05	10:53:20	85061485689.83
HAVAH	HVH	0.14	BRL	20.13	1d	2023-09-05	10:53:20	5254233333.0
GameFi.org	GAFI	7.43	BRL	-13.58	1d	2023-09-05	10:53:20	14954970.32
FIO Protocol	FIO	0.09	BRL	0.57	1d	2023-09-05	10:53:20	839242769.77
Bonk	BONK	0.0	BRL	-3.5	1d	2023-09-05	10:53:20	93915674902775.5
Swarm	BZZ	1.24	BRL	-0.02	1d	2023-09-05	10:53:20	61917552.82
Kleros	PNK	0.08	BRL	-2.74	1d	2023-09-05	10:53:20	764626704.0
Dogechain	DC	0.0	BRL	-1.65	1d	2023-09-05	10:53:20	169576431189.78
Pluton	PLU	32.68	BRL	0.37	1d	2023-09-05	10:53:20	20000000.0
Augur	REP	5.5	BRL	-0.49	1d	2023-09-05	10:53:20	11000000.0
Dock	DOCK	0.07	BRL	2.21	1d	2023-09-05	10:53:20	912944740.37
Hacken Token	HAI	0.09	BRL	-2.0	1d	2023-09-05	10:53:20	971883420.0
Diamond	DMD	16.0	BRL	-0.65	1d	2023-09-05	10:53:20	3773268.03
Vectorspace AI	VXV	1.23	BRL	-1.84	1d	2023-09-05	10:53:20	50000000.0
KILT Protocol	KILT	1.21	BRL	-2.63	1d	2023-09-05	10:53:20	151251450.0
VITE	VITE	0.06	BRL	-0.85	1d	2023-09-05	10:53:20	1072039318.64
Ellipsis	EPX	0.0	BRL	1.76	1d	2023-09-05	10:53:20	132000000000.0
Kwenta	KWENTA	396.36	BRL	-2.0	1d	2023-09-05	10:53:20	607155.62
Zano	ZANO	5.0	BRL	0.43	1d	2023-09-05	10:53:20	13882052.99
Minswap	MIN	0.08	BRL	-0.52	1d	2023-09-05	10:53:20	5000000000.0
SOLVE	SOLVE	0.11	BRL	10.76	1d	2023-09-05	10:53:20	1000000000.0
Nexa	NEXA	0.0	BRL	-3.24	1d	2023-09-05	10:53:20	2251290000000.0
Tornado Cash	TORN	13.54	BRL	-2.52	1d	2023-09-05	10:53:20	9999997.0
Drep [new]	DREP	1.2	BRL	3.12	1d	2023-09-05	10:53:20	100000000.0
Juventus Fan Token	JUV	10.38	BRL	0.7	1d	2023-09-05	10:53:20	20000000.0
Spheroid Universe	SPH	0.03	BRL	0.4	1d	2023-09-05	10:53:20	2153698388.28
Bitcoin Diamond	BCD	0.3	BRL	-1.25	1d	2023-09-05	10:53:20	189492897.95
Samoyedcoin	SAMO	0.02	BRL	1.95	1d	2023-09-05	10:53:20	4746913623.0
LATOKEN	LA	0.15	BRL	-4.45	1d	2023-09-05	10:53:20	400000000.0
CONUN	CON	0.02	BRL	-0.47	1d	2023-09-05	10:53:20	5000000000.0
OAX	OAX	0.73	BRL	35.03	1d	2023-09-05	10:53:20	100000000.0
ArbDoge AI	AIDOGE	0.0	BRL	-0.17	1d	2023-09-05	10:53:20	1.91609763385755e+17
AIOZ Network	AIOZ	0.06	BRL	0.48	1d	2023-09-05	10:53:20	1038204274.63
Presearch	PRE	0.14	BRL	-0.22	1d	2023-09-05	10:53:20	500000000.0
Era Swap	ES	0.03	BRL	-0.64	1d	2023-09-05	10:53:20	3726541006.0
Marinade Staked SOL	MSOL	110.72	BRL	0.16	1d	2023-09-05	10:53:20	498000.0
Unibright	UBT	0.36	BRL	-3.4	1d	2023-09-05	10:53:20	150000000.0
Nash	NEX	1.34	BRL	0.27	1d	2023-09-05	10:53:20	50000000.0
ApolloX	APX	0.12	BRL	0.52	1d	2023-09-05	10:53:20	3976356037.63
ERC20	ERC20	0.05	BRL	-22.85	1d	2023-09-05	10:53:20	12999999994.06
Chrono.tech	TIME	74.03	BRL	-2.87	1d	2023-09-05	10:53:20	710112.81
Izumi Finance	IZI	0.07	BRL	-1.44	1d	2023-09-05	10:53:20	2000000000.0
Gifto	GFT	0.05	BRL	-0.03	1d	2023-09-05	10:53:20	1020000000.0
RAI Finance	SOFI	0.15	BRL	-0.69	1d	2023-09-05	10:53:20	1000000000.0
HUSD	HUSD	0.24	BRL	0.01	1d	2023-09-05	10:53:20	222593861.49
GALAXIA	GXA	0.02	BRL	-2.0	1d	2023-09-05	10:53:20	10000000000.0
GET Protocol	GET	4.58	BRL	-0.25	1d	2023-09-05	10:53:20	23368773.4
RFOX	RFOX	0.04	BRL	0.02	1d	2023-09-05	10:53:20	2000000000.0
TABOO TOKEN	TABOO	0.01	BRL	0.14	1d	2023-09-05	10:53:20	9782678080.0
Throne	THN	0.13	BRL	-3.9	1d	2023-09-05	10:53:20	1974198687.0
Grove Coin	GRV	0.54	BRL	-1.69	1d	2023-09-05	10:53:20	99049999.75
Somnium Space Cubes	CUBE	4.04	BRL	1.36	1d	2023-09-05	10:53:20	100000000.0
Poolz Finance	POOLX	10.8	BRL	-1.67	1d	2023-09-05	10:53:20	5500000.0
Efforce	WOZX	0.1	BRL	-1.72	1d	2023-09-05	10:53:20	1000000000.0
Hathor	HTR	0.2	BRL	-1.27	1d	2023-09-05	10:53:20	922922360.0
Saito	SAITO	0.05	BRL	1.3	1d	2023-09-05	10:53:20	3000000000.0
Goldfinch	GFI	1.7	BRL	3.83	1d	2023-09-05	10:53:20	114285714.0
TrustSwap	SWAP	0.5	BRL	2.07	1d	2023-09-05	10:53:20	99995164.27
Quantum Resistant Ledger	QRL	0.73	BRL	11.09	1d	2023-09-05	10:53:20	77393169.0
Shapeshift FOX Token	FOX	0.13	BRL	0.72	1d	2023-09-05	10:53:20	1000001337.0
QuadrantProtocol	EQUAD	0.05	BRL	-5.54	1d	2023-09-05	10:53:20	1000000000.0
MILC Platform	MLT	0.39	BRL	6.23	1d	2023-09-05	10:53:20	200000000.0
Quiztok	QTCON	0.01	BRL	0.89	1d	2023-09-05	10:53:20	12000000000.0
Dora Factory (old)	DORA	9.47	BRL	0.0	1d	2023-09-05	10:53:20	10000000.0
SquidGrow	SQUIDGROW	0.0	BRL	-3.23	1d	2023-09-05	10:53:20	2000000000000000.0
Fuse	FUSE	0.22	BRL	-1.16	1d	2023-09-05	10:53:20	314655930.55
Atletico De Madrid Fan Token	ATM	12.54	BRL	0.55	1d	2023-09-05	10:53:20	10000000.0
ETHAX	ETHAX	0.35	BRL	0.41	1d	2023-09-05	10:53:20	800000008.0
Æternity	AE	0.13	BRL	4.75	1d	2023-09-05	10:53:20	396262883.7
Rari Governance Token	RGT	3.78	BRL	0.92	1d	2023-09-05	10:53:20	12485047.99
Bitcoin 2	BTC2	2.61	BRL	8.5	1d	2023-09-05	10:53:20	17954210.59
BABB	BAX	0.0	BRL	-3.28	1d	2023-09-05	10:53:20	65000000000.0
Victoria VR	VR	0.03	BRL	-1.95	1d	2023-09-05	10:53:20	16800000000.0
Optimus AI	OPTI	0.49	BRL	-4.52	1d	2023-09-05	10:53:20	100000000.0
Observer	OBSR	0.01	BRL	-0.78	1d	2023-09-05	10:53:20	14000000000.0
Serum	SRM	0.17	BRL	-5.14	1d	2023-09-05	10:53:20	1092844982.0
SHPING	SHPING	0.02	BRL	-18.28	1d	2023-09-05	10:53:20	10000000000.0
Mint Marble	MIM	1.34	BRL	-0.04	1d	2023-09-05	10:53:20	1000000000.0
Nestree	EGG	0.02	BRL	0.49	1d	2023-09-05	10:53:20	2994901340.0
AMO Coin	AMO	0.0	BRL	-5.79	1d	2023-09-05	10:53:20	21200000000.0
Cult DAO	CULT	0.0	BRL	-1.95	1d	2023-09-05	10:53:20	4957113505372.0
Indigo Protocol	INDY	8.62	BRL	-2.57	1d	2023-09-05	10:53:20	35000000.0
Ooki Protocol	OOKI	0.01	BRL	-9.49	1d	2023-09-05	10:53:20	4777132702.43
Rupiah Token	IDRT	0.0	BRL	0.18	1d	2023-09-05	10:53:20	136048927413.0
Pitbull	PIT	0.0	BRL	2.4	1d	2023-09-05	10:53:20	1e+17
Unisocks	SOCKS	145867.49	BRL	0.0	1d	2023-09-05	10:53:20	302.0
Comtech Gold	CGO	310.72	BRL	-0.39	1d	2023-09-05	10:53:20	141000.0
Newscrypto	NWC	0.29	BRL	-2.73	1d	2023-09-05	10:53:20	270050481.27
Numbers Protocol	NUM	0.11	BRL	-4.29	1d	2023-09-05	10:53:20	436100787.0
Viberate	VIB	0.22	BRL	4.59	1d	2023-09-05	10:53:20	200000000.0
Peercoin	PPC	1.51	BRL	-1.12	1d	2023-09-05	10:53:20	28350011.98
Crust Network	CRU	3.02	BRL	-3.05	1d	2023-09-05	10:53:20	29245132.94
Ferro	FER	0.05	BRL	-0.56	1d	2023-09-05	10:53:20	4536494465.0
PRIZM	PZM	0.01	BRL	-4.73	1d	2023-09-05	10:53:20	3489212328.96
PowerPool	CVP	1.41	BRL	2.54	1d	2023-09-05	10:53:20	100000000.0
Kryll	KRL	1.1	BRL	-0.41	1d	2023-09-05	10:53:20	49417348.0
Arcblock	ABT	0.43	BRL	8.68	1d	2023-09-05	10:53:20	186000000.0
Giant Mammoth	GMMT	13.95	BRL	-0.45	1d	2023-09-05	10:53:20	5000000000.0
Galatasaray Fan Token	GAL	10.26	BRL	-0.01	1d	2023-09-05	10:53:20	10000000.0
XeniosCoin	XNC	0.55	BRL	-0.09	1d	2023-09-05	10:53:20	100413374.0
DeFi Kingdoms	JEWEL	0.58	BRL	-0.67	1d	2023-09-05	10:53:20	122840823.15
Pallapay	PALLA	0.06	BRL	-1.75	1d	2023-09-05	10:53:20	2000000000.0
SIDUS	SIDUS	0.01	BRL	2.98	1d	2023-09-05	10:53:20	29609085840.53
Experimental Finance	EXFI	0.84	BRL	-0.92	1d	2023-09-05	10:53:20	96534915.85
Grid+	GRID	1.04	BRL	0.0	1d	2023-09-05	10:53:20	300000000.0
Obyte	GBYTE	48.05	BRL	-0.96	1d	2023-09-05	10:53:20	1000000.0
Gamium	GMM	0.0	BRL	-1.27	1d	2023-09-05	10:53:20	21756488806.0
renBTC	RENBTC	132769.43	BRL	-1.13	1d	2023-09-05	10:53:20	304.5
Validity	VAL	8.2	BRL	-3.62	1d	2023-09-05	10:53:20	4920719.65
Inter Milan Fan Token	INTER	9.24	BRL	-0.56	1d	2023-09-05	10:53:20	20000000.0
Cratos	CRTS	0.0	BRL	-0.16	1d	2023-09-05	10:53:20	100000000000.0
Aurory	AURY	2.25	BRL	1.04	1d	2023-09-05	10:53:20	100000000.0
Green Satoshi Token (SOL)	GST	0.05	BRL	-1.17	1d	2023-09-05	10:53:20	833862887.33
DAD	DAD	0.06	BRL	3.14	1d	2023-09-05	10:53:20	1000000000.0
King DAG	KDAG	0.72	BRL	0.74	1d	2023-09-05	10:53:20	1000000000.0
NewYork Exchange	NYE	5.53	BRL	-0.25	1d	2023-09-05	10:53:20	381966631.0
Sentinel	DVPN	0.0	BRL	-1.69	1d	2023-09-05	10:53:20	24884130010.0
Counterparty	XCP	14.94	BRL	-0.51	1d	2023-09-05	10:53:20	2613892.0
Scallop	SCLP	0.6	BRL	-3.43	1d	2023-09-05	10:53:20	100000000.0
Vita Inu	VINU	0.0	BRL	-0.54	1d	2023-09-05	10:53:20	901836647411178.5
Dimecoin	DIME	0.0	BRL	-0.11	1d	2023-09-05	10:53:20	555998059584.0
Katana Inu	KATA	0.0	BRL	-2.36	1d	2023-09-05	10:53:20	50000000000.0
NFTX	NFTX	63.93	BRL	-0.82	1d	2023-09-05	10:53:20	650000.0
Choise.com	CHO	0.35	BRL	0.34	1d	2023-09-05	10:53:20	1000000000.0
Phantasma	SOUL	0.32	BRL	-11.23	1d	2023-09-05	10:53:20	120977097.18
Handshake	HNS	0.06	BRL	1.3	1d	2023-09-05	10:53:20	2040000000.0
apM Coin	APM	0.03	BRL	0.91	1d	2023-09-05	10:53:20	1812500000.0
BitKan	KAN	0.0	BRL	-1.09	1d	2023-09-05	10:53:20	10000000000.0
Push Protocol	PUSH	0.92	BRL	-2.35	1d	2023-09-05	10:53:20	100000000.0
MEVerse	MEV	0.02	BRL	-31.31	1d	2023-09-05	10:53:20	2000000000.0
BeNFT Solutions	BeAI	28.06	BRL	-11.95	1d	2023-09-05	10:53:20	7000000.0
MATH	MATH	0.33	BRL	-0.12	1d	2023-09-05	10:53:20	200000000.0
BSCPAD	BSCPAD	0.48	BRL	2.83	1d	2023-09-05	10:53:20	175600000.0
ZKSpace	ZKS	0.19	BRL	1.29	1d	2023-09-05	10:53:20	1000000000.0
Alephium	ALPH	0.88	BRL	-2.11	1d	2023-09-05	10:53:20	183608962.02
Across Protocol	ACX	0.27	BRL	-0.33	1d	2023-09-05	10:53:20	1000000000.0
TE-FOOD	TONE	0.06	BRL	-0.46	1d	2023-09-05	10:53:20	1000000000.0
SuperWalk	GRND	0.77	BRL	1.86	1d	2023-09-05	10:53:20	997380938.0
Deeper Network	DPR	0.02	BRL	-1.07	1d	2023-09-05	10:53:20	10000000000.0
Dimitra	DMTR	0.1	BRL	3.56	1d	2023-09-05	10:53:20	470651000.0
REVV	REVV	0.03	BRL	0.34	1d	2023-09-05	10:53:20	3000000000.0
Tarot	TAROT	0.64	BRL	7.49	1d	2023-09-05	10:53:20	100000000.0
Tokemak	TOKE	2.19	BRL	-0.99	1d	2023-09-05	10:53:20	100000000.0
Nimiq	NIM	0.0	BRL	-6.68	1d	2023-09-05	10:53:20	10967776767.81
Diamond Launch	DLC	0.37	BRL	-2.01	1d	2023-09-05	10:53:20	1000000000.0
UniLend	UFT	1.15	BRL	-3.09	1d	2023-09-05	10:53:20	100000000.0
ASTA	ASTA	0.02	BRL	-0.34	1d	2023-09-05	10:53:20	2999999990.0
pNetwork	PNT	0.48	BRL	2.74	1d	2023-09-05	10:53:20	96775228.71
PERL.eco	PERL	0.07	BRL	-2.26	1d	2023-09-05	10:53:20	1033200000.0
Prosper	PROS	1.16	BRL	0.88	1d	2023-09-05	10:53:20	100000000.0
Orbcity	ORB	0.24	BRL	34.97	1d	2023-09-05	10:53:20	1000000000.0
KARMA	KARMA	0.01	BRL	-0.56	1d	2023-09-05	10:53:20	8462823687.05
Quantstamp	QSP	0.05	BRL	-4.35	1d	2023-09-05	10:53:20	976442388.32
Sovryn	SOV	1.17	BRL	-1.12	1d	2023-09-05	10:53:20	100000000.0
Unification	FUND	1.01	BRL	-2.7	1d	2023-09-05	10:53:20	120000000.0
Meta Apes	PEEL	0.23	BRL	0.28	1d	2023-09-05	10:53:20	203131132.92
Divi	DIVI	0.01	BRL	6.04	1d	2023-09-05	10:53:20	3555234046.4
Receive Access Ecosystem	RAE	4.87	BRL	-0.13	1d	2023-09-05	10:53:20	7296605.0
Catgirl	CATGIRL	0.0	BRL	-1.04	1d	2023-09-05	10:53:20	3.67840820070996e+16
Arianee	ARIA20	1.26	BRL	1.43	1d	2023-09-05	10:53:20	200000000.0
DEAPcoin	DEP	0.0	BRL	-4.2	1d	2023-09-05	10:53:20	30000000000.0
MarsDAO	MDAO	0.48	BRL	-8.85	1d	2023-09-05	10:53:20	96027646.66
Renewable Energy	RET	0.0	BRL	0.95	1d	2023-09-05	10:53:20	5e+16
Polkadex	PDEX	4.01	BRL	-2.06	1d	2023-09-05	10:53:20	8360000.0
Rai Reflex Index	RAI	13.65	BRL	0.37	1d	2023-09-05	10:53:20	2451442.31
MASQ	MASQ	0.97	BRL	-1.56	1d	2023-09-05	10:53:20	37500000.0
AS Roma Fan Token	ASR	11.06	BRL	1.82	1d	2023-09-05	10:53:20	10000000.0
Valor Token	VALOR	0.66	BRL	-1.47	1d	2023-09-05	10:53:20	75000000.0
Buying.com	BUY	0.1	BRL	-0.77	1d	2023-09-05	10:53:20	986800000.0
Suku	SUKU	0.19	BRL	-0.02	1d	2023-09-05	10:53:20	1500000000.0
Dvision Network	DVI	0.05	BRL	-2.42	1d	2023-09-05	10:53:20	1000000000.0
Hegic	HEGIC	0.05	BRL	2.72	1d	2023-09-05	10:53:20	3012009888.0
Sperax	SPA	0.02	BRL	-3.99	1d	2023-09-05	10:53:20	4615267291.67
Banano	BAN	0.02	BRL	-2.25	1d	2023-09-05	10:53:20	1918865025.0
Bonfida	FIDA	0.73	BRL	-5.7	1d	2023-09-05	10:53:20	998729963.6
Kunci Coin	KUNCI	0.03	BRL	0.64	1d	2023-09-05	10:53:20	39999999998.28
Crypterium	CRPT	0.34	BRL	-4.0	1d	2023-09-05	10:53:20	95177636.0
Unicly CryptoPunks Collection	UPUNK	0.13	BRL	-0.1	1d	2023-09-05	10:53:20	250000000.0
IMPT	IMPT	0.02	BRL	-3.59	1d	2023-09-05	10:53:20	2761897017.0
HAPI Protocol	HAPI	45.18	BRL	-1.52	1d	2023-09-05	10:53:20	731929.21
MixMarvel	MIX	0.01	BRL	0.16	1d	2023-09-05	10:53:20	10000000000.0
Carbon Protocol	SWTH	0.02	BRL	5.26	1d	2023-09-05	10:53:20	1719507587.73
ELYSIA	EL	0.01	BRL	-1.47	1d	2023-09-05	10:53:20	6803300704.69
Emirex Token	EMRX	1.17	BRL	-0.04	1d	2023-09-05	10:53:20	500000000.0
Step App	FITFI	0.02	BRL	-4.1	1d	2023-09-05	10:53:20	4600000000.0
EverRise	RISE	0.0	BRL	-1.32	1d	2023-09-05	10:53:20	71618033988.0
Lovely Inu Finance	LOVELY	0.0	BRL	-7.14	1d	2023-09-05	10:53:20	75000000000000.0
Pip	PIP	0.25	BRL	0.32	1d	2023-09-05	10:53:20	999972454.76
Terran Coin	TRR	1.32	BRL	41.04	1d	2023-09-05	10:53:20	10000000000.0
Valobit	VBIT	0.03	BRL	-12.71	1d	2023-09-05	10:53:20	1600000000.0
LBRY Credits	LBC	0.05	BRL	-0.71	1d	2023-09-05	10:53:20	767800721.0
STFX	STFX	0.18	BRL	0.02	1d	2023-09-05	10:53:20	1000000000.0
Karura	KAR	0.32	BRL	1.73	1d	2023-09-05	10:53:20	100000000.0
Lossless	LSS	0.56	BRL	-1.54	1d	2023-09-05	10:53:20	100000000.0
KALM	KALM	5.43	BRL	6.58	1d	2023-09-05	10:53:20	10000000.0
Gulf Coin	GULF	0.27	BRL	0.31	1d	2023-09-05	10:53:20	10000000000.0
Swash	SWASH	0.05	BRL	-3.86	1d	2023-09-05	10:53:20	996948324.13
Verse	VERSE	0.0	BRL	0.05	1d	2023-09-05	10:53:20	208325115295.65
Zynecoin	ZYN	0.75	BRL	0.43	1d	2023-09-05	10:53:20	97119375.0
Arsenal Fan Token	AFC	6.46	BRL	-2.37	1d	2023-09-05	10:53:20	40000000.0
Green Satoshi Token (ETH)	GST	0.63	BRL	-1.76	1d	2023-09-05	10:53:20	48326750.7
Mancium	MANC	3.03	BRL	-0.05	1d	2023-09-05	10:53:20	100000000.0
WeWay	WWY	0.02	BRL	-0.46	1d	2023-09-05	10:53:20	6999999999.0
Genopets	GENE	1.17	BRL	0.34	1d	2023-09-05	10:53:20	100000000.0
Project WITH	WIKEN	0.03	BRL	2.72	1d	2023-09-05	10:53:20	1057786429.0
Starlink	STARL	0.0	BRL	-1.71	1d	2023-09-05	10:53:20	10000000000000.0
Symbiosis	SIS	0.7	BRL	-6.33	1d	2023-09-05	10:53:20	99741144.99
GensoKishi Metaverse	MV	0.17	BRL	-2.82	1d	2023-09-05	10:53:20	2000000000.0
Arix	ARIX	2.98	BRL	-0.54	1d	2023-09-05	10:53:20	102500000.0
Cypherium	CPH	0.05	BRL	-0.04	1d	2023-09-05	10:53:20	6828000000.0
Myria	MYRIA	0.01	BRL	-1.91	1d	2023-09-05	10:53:20	50000000000.0
Shyft Network	SHFT	0.03	BRL	0.74	1d	2023-09-05	10:53:20	2520000000.0
Akita Inu	AKITA	0.0	BRL	-0.61	1d	2023-09-05	10:53:20	92179713782527.0
TOKPIE	TKP	1.01	BRL	-4.95	1d	2023-09-05	10:53:20	100000000.0
PIBBLE	PIB	0.0	BRL	1.81	1d	2023-09-05	10:53:20	29723260892.67
Red Kite	PKF	0.25	BRL	-11.62	1d	2023-09-05	10:53:20	200000000.0
GoChain	GO	0.02	BRL	-0.8	1d	2023-09-05	10:53:20	1234324790.0
Matrix AI Network	MAN	0.07	BRL	-2.8	1d	2023-09-05	10:53:20	730683790.37
Clearpool	CPOOL	0.09	BRL	-0.6	1d	2023-09-05	10:53:20	1000000000.0
ChainGPT	CGPT	0.25	BRL	-0.47	1d	2023-09-05	10:53:20	1000000000.0
DAFI Protocol	DAFI	0.03	BRL	2.23	1d	2023-09-05	10:53:20	2250000000.0
MileVerse	MVC	0.01	BRL	-0.19	1d	2023-09-05	10:53:20	3000000000.0
Bytecoin	BCN	0.0	BRL	-1.8	1d	2023-09-05	10:53:20	184066828814.06
BioPassport Token	BIOT	0.01	BRL	-6.47	1d	2023-09-05	10:53:20	8800000000.0
DeepBrain Chain	DBC	0.01	BRL	0.1	1d	2023-09-05	10:53:20	10000000000.0
OpenOcean	OOE	0.05	BRL	1.86	1d	2023-09-05	10:53:20	1000000000.0
Origin Dollar Governance	OGV	0.03	BRL	-2.67	1d	2023-09-05	10:53:20	4112192368.0
Kasta	KASTA	0.08	BRL	0.13	1d	2023-09-05	10:53:20	1499457592.0
LeisureMeta	LM	0.06	BRL	5.19	1d	2023-09-05	10:53:20	4670452748.0
Cellframe	CELL	0.9	BRL	3.03	1d	2023-09-05	10:53:20	29735000.0
MongCoin	$MONG	0.0	BRL	7.44	1d	2023-09-05	10:53:20	690000000000000.0
Tectum	TET	25.63	BRL	-9.68	1d	2023-09-05	10:53:20	10000000.0
Plugin	PLI	0.29	BRL	-3.42	1d	2023-09-05	10:53:20	500000000.0
BigONE Token	ONE	0.0	BRL	-1.45	1d	2023-09-05	10:53:20	8755563948.15
Rainicorn	RAINI	0.05	BRL	-3.36	1d	2023-09-05	10:53:20	500000000.0
HI	HI	0.01	BRL	-7.74	1d	2023-09-05	10:53:20	9833337402.0
Zenon	ZNN	3.9	BRL	0.0	1d	2023-09-05	10:53:20	7102886.42
Cere Network	CERE	0.02	BRL	-2.29	1d	2023-09-05	10:53:20	10000000000.0
WHALE	WHALE	2.47	BRL	1.74	1d	2023-09-05	10:53:20	10000000.0
Tap	XTP	0.02	BRL	3.7	1d	2023-09-05	10:53:20	10000000000.0
Oxen	OXEN	0.38	BRL	-2.34	1d	2023-09-05	10:53:20	64572429.0
Linker Coin	LNC	0.21	BRL	-0.56	1d	2023-09-05	10:53:20	500000000.0
DxChain Token	DX	0.0	BRL	1.45	1d	2023-09-05	10:53:20	100000000000.0
ScPrime	SCP	0.5	BRL	3.95	1d	2023-09-05	10:53:20	54537036.0
Aventus	AVT	3.99	BRL	1.61	1d	2023-09-05	10:53:20	10000000.0
Pintu Token	PTU	1.01	BRL	1.2	1d	2023-09-05	10:53:20	299844842.0
SpaceChain	SPC	0.08	BRL	0.04	1d	2023-09-05	10:53:20	391259212.51
Trabzonspor Fan Token	TRA	5.94	BRL	-1.46	1d	2023-09-05	10:53:20	10000000.0
Civilization	CIV	0.08	BRL	-0.04	1d	2023-09-05	10:53:20	300000000.0
SwftCoin	SWFTC	0.01	BRL	-1.0	1d	2023-09-05	10:53:20	10000000000.0
LimeWire	LMWR	0.5	BRL	2.03	1d	2023-09-05	10:53:20	938045267.0
RealFevr	FEVR	0.0	BRL	-1.48	1d	2023-09-05	10:53:20	15453174571.08
OVR	OVR	1.1	BRL	-0.6	1d	2023-09-05	10:53:20	89893756.0
BabySwap	BABY	0.05	BRL	-1.46	1d	2023-09-05	10:53:20	1000000000.0
GoCrypto Token	GOC	0.09	BRL	-1.45	1d	2023-09-05	10:53:20	299095759.0
BEPRO Network	BEPRO	0.0	BRL	-6.04	1d	2023-09-05	10:53:20	10000000000.0
Cryptex Finance	CTX	4.62	BRL	2.54	1d	2023-09-05	10:53:20	10000000.0
ChangeNOW Token	NOW	0.26	BRL	0.03	1d	2023-09-05	10:53:20	199763509.87
DeFine	DFA	0.09	BRL	-0.57	1d	2023-09-05	10:53:20	500000000.0
Inflation Hedging Coin	IHC	0.0	BRL	-1.8	1d	2023-09-05	10:53:20	621439126933.0
Torum	XTM	0.1	BRL	-8.24	1d	2023-09-05	10:53:20	799190905.0
BTSE Token	BTSE	4.98	BRL	-0.02	1d	2023-09-05	10:53:20	165904711.0
Napoli Fan Token	NAP	13.08	BRL	-0.1	1d	2023-09-05	10:53:20	10000000.0
Morpheus Labs	MITX	0.03	BRL	-8.21	1d	2023-09-05	10:53:20	1000000000.0
Metaverse.Network Pioneer	NEER	1.09	BRL	-8.34	1d	2023-09-05	10:53:20	100000000.0
Carbon Credit	CCT	1.24	BRL	0.15	1d	2023-09-05	10:53:20	600000000.0
BitForex Token	BF	0.0	BRL	0.56	1d	2023-09-05	10:53:20	10000000000.0
Agoras: Currency of Tau	AGRS	1.15	BRL	9.31	1d	2023-09-05	10:53:20	42000000.0
Hoge Finance	HOGE	0.0	BRL	-0.62	1d	2023-09-05	10:53:20	402276464812.0
OpenDAO	SOS	0.0	BRL	0.97	1d	2023-09-05	10:53:20	73545908892348.0
Bifrost	BNC	0.98	BRL	0.32	1d	2023-09-05	10:53:20	80000000.0
Onomy Protocol	NOM	0.45	BRL	-16.75	1d	2023-09-05	10:53:20	145882992.46
Permission Coin	ASK	0.0	BRL	-2.22	1d	2023-09-05	10:53:20	100000000000.0
SENSO	SENSO	0.28	BRL	-2.46	1d	2023-09-05	10:53:20	715280000.0
Electra Protocol	XEP	0.0	BRL	-3.62	1d	2023-09-05	10:53:20	17782474374.91
Hydra	HYDRA	2.28	BRL	-2.95	1d	2023-09-05	10:53:20	26290451.75
GamerCoin	GHX	0.03	BRL	-3.11	1d	2023-09-05	10:53:20	808000000.0
SAFE DEAL	SFD	1.35	BRL	-9.74	1d	2023-09-05	10:53:20	14242995.48
Exeedme	XED	0.21	BRL	-1.33	1d	2023-09-05	10:53:20	100000000.0
Particl	PART	1.43	BRL	-2.69	1d	2023-09-05	10:53:20	13387948.31
Aurox	URUS	36.31	BRL	-0.48	1d	2023-09-05	10:53:20	1000000.0
Portugal National Team Fan Token	POR	5.85	BRL	-1.94	1d	2023-09-05	10:53:20	20000000.0
Sonar	PING	0.01	BRL	2.46	1d	2023-09-05	10:53:20	4000000000.0
Beam	BEAM	0.13	BRL	-0.84	1d	2023-09-05	10:53:20	145034920.0
Walken	WLKN	0.04	BRL	-2.36	1d	2023-09-05	10:53:20	2000000000.0
Bitcoin Standard Hashrate Token	BTCST	1.54	BRL	9.28	1d	2023-09-05	10:53:20	15000000.0
EPIK Prime	EPIK	0.02	BRL	-0.75	1d	2023-09-05	10:53:20	2000000000.0
Pepe 2.0	PEPE2.0	0.0	BRL	-3.56	1d	2023-09-05	10:53:20	420690000000000.0
DSLA Protocol	DSLA	0.0	BRL	5.63	1d	2023-09-05	10:53:20	5709763023.0
Wrapped Alvey Chain	WALV	0.22	BRL	12.46	1d	2023-09-05	10:53:20	152312734.0
Botto	BOTTO	0.66	BRL	-0.34	1d	2023-09-05	10:53:20	100000000.0
Electric Vehicle Zone	EVZ	0.04	BRL	-0.58	1d	2023-09-05	10:53:20	8420257832.0
Blocery	BLY	0.02	BRL	-3.56	1d	2023-09-05	10:53:20	1000000000.0
MultiVAC	MTV	0.01	BRL	-2.42	1d	2023-09-05	10:53:20	10000000000.0
Azit	AZIT	0.26	BRL	-1.11	1d	2023-09-05	10:53:20	500000000.0
dHedge DAO	DHT	0.42	BRL	-0.35	1d	2023-09-05	10:53:20	100000000.0
MagicCraft	MCRT	0.01	BRL	-1.76	1d	2023-09-05	10:53:20	10000000000.0
ApeSwap	BANANA	0.09	BRL	-8.7	1d	2023-09-05	10:53:20	203942410.79
Pangolin	PNG	0.1	BRL	-2.02	1d	2023-09-05	10:53:20	230000000.0
Bitrue Coin	BTR	0.14	BRL	1.99	1d	2023-09-05	10:53:20	801307097.35
Zigcoin	ZIG	0.04	BRL	-2.58	1d	2023-09-05	10:53:20	2000000000.0
Plastiks	PLASTIK	0.12	BRL	-1.61	1d	2023-09-05	10:53:20	1000000000.0
Haven Protocol	XHV	0.59	BRL	-14.25	1d	2023-09-05	10:53:20	30030219.0
Blocto Token	BLT	0.08	BRL	-1.48	1d	2023-09-05	10:53:20	50000002.0
Nuco.cloud	NCDT	0.71	BRL	-2.32	1d	2023-09-05	10:53:20	50000000.0
TomTomCoin	TOMS	0.01	BRL	-5.7	1d	2023-09-05	10:53:20	5000000000.0
PAWSWAP	PAW	0.0	BRL	0.59	1d	2023-09-05	10:53:20	999878475110243.5
Crypton	CRP	2.02	BRL	0.62	1d	2023-09-05	10:53:20	8702919.0
Niobium Coin	NBC	0.28	BRL	-77.35	1d	2023-09-05	10:53:20	102289706.28
PointPay	PXP	0.06	BRL	0.43	1d	2023-09-05	10:53:20	992500000.0
Netvrk	NTVRK	0.34	BRL	-1.42	1d	2023-09-05	10:53:20	100000000.0
PKT	PKT	0.01	BRL	0.73	1d	2023-09-05	10:53:20	6000000000.0
Cashaa	CAS	0.02	BRL	1.37	1d	2023-09-05	10:53:20	1000000000.0
Djed	DJED	5.2	BRL	-1.02	1d	2023-09-05	10:53:20	1000000000000.0
